Id,production
5243,0.965450821481114
5244,0.08291521827480852
5245,0.7113467305391252
5246,0.1943931290287615
5247,0.8217146992233416
5248,0.05704020314383351
5249,0.50919335693025
5250,0.5521177860202701
5251,0.3532832273151144
5252,0.24018836525987497
5253,0.17031855908023819
5254,0.40233334507970153
5255,0.5814834676851228
5256,0.5720331824905002
5257,0.05747103633824424
5258,0.4204148239776745
5259,0.46628816650554994
5260,0.1090203678279208
5261,0.5825304375137496
5262,0.8039800006728136
5263,0.026158950247882395
5264,0.05851998664677982
5265,0.3429029526955303
5266,0.4425651625923125
5267,0.3043182984584596
5268,0.8908262814109909
5269,0.628712366504037
5270,0.9866073284466128
5271,0.27273256353174924
5272,0.767707749698372
5273,0.9145616911684902
5274,0.3376453854878497
5275,0.23753429606110266
5276,0.14481836998645115
5277,0.23407163697625644
5278,0.7629959886506202
5279,0.6909027346771127
5280,0.807123665919591
5281,0.39504396211082604
5282,0.3911781482617561
5283,0.7845325680852978
5284,0.07894453907261156
5285,0.5276615516468743
5286,0.4891025697214656
5287,0.5939716454681975
5288,0.3434317228158641
5289,0.44434889336002337
5290,0.5673850930733834
5291,0.18148620339985722
5292,0.6674584592226984
5293,0.1967321566750314
5294,0.2108514618331151
5295,0.7753133304760965
5296,0.469259507665037
5297,0.33219560222428
5298,0.39378271374097107
5299,0.19118237672962468
5300,0.9251867468508898
5301,0.057369373425772974
5302,0.5368506622840642
5303,0.9519174752584035
5304,0.8865140180284266
5305,0.6037705729469703
5306,0.4801221473054683
5307,0.7839275914308687
5308,0.5042168292592283
5309,0.1631779159276706
5310,0.9524932023182735
5311,0.7658573381071798
5312,0.5323440353660223
5313,0.38061456199123245
5314,0.41255379468731634
5315,0.4041290212646944
5316,0.19133555439405758
5317,0.2582007776538783
5318,0.019333905893706982
5319,0.4348758365919757
5320,0.8594108770936982
5321,0.886161531324931
5322,0.9373429120959189
5323,0.4698306914163183
5324,0.5664197801340023
5325,0.2974723654826542
5326,0.7502322026191769
5327,0.11557537285779651
5328,0.22861528799742326
5329,0.09685111429646331
5330,0.44699960076679823
5331,0.5195225338187497
5332,0.6892364907402608
5333,0.4494870787782965
5334,0.8489006445576001
5335,0.2366453285060296
5336,0.9957111739367754
5337,0.4013357520251839
5338,0.2484811176538736
5339,0.19630476734790991
5340,0.5178639077633035
5341,0.18147181996606865
5342,0.9788465678356817
5343,0.324894810759096
5344,0.9270597354043679
5345,0.9351314322611995
5346,0.36137968567250145
5347,0.9261523440373373
5348,0.27154952654985487
5349,0.7997126858714455
5350,0.5593437219084894
5351,0.24652183100914216
5352,0.3656766840472313
5353,0.8466813164608371
5354,0.23866109690900994
5355,0.09040352929544049
5356,0.8010858916242595
5357,0.8496274057212718
5358,0.8422924414104971
5359,0.638811081416102
5360,0.6542678229577452
5361,0.8255737950687394
5362,0.7870172448817094
5363,0.027534043883894688
5364,0.7378299649306581
5365,0.6308368489130405
5366,0.8256327209069053
5367,0.8135014889283765
5368,0.937885157536418
5369,0.2827750214722585
5370,0.6535014754458647
5371,0.06708196184094017
5372,0.121044301529315
5373,0.9932556447032513
5374,0.4525336306031542
5375,0.8947275694013742
5376,0.713407830494889
5377,0.8273941536061327
5378,0.5121643921984235
5379,0.06272847249828584
5380,0.5156950064612063
5381,0.6493044589794182
5382,0.12503425825269
5383,0.9287161168390052
5384,0.01276215071830511
5385,0.06458532777433712
5386,0.4327861874503085
5387,0.01864549784558822
5388,0.9613819367244877
5389,0.2243688401711501
5390,0.683975522302715
5391,0.03440790925795678
5392,0.5077573338458248
5393,0.11190572460011194
5394,0.397981219521946
5395,0.8145801380812102
5396,0.05961808222027565
5397,0.14711234044764565
5398,0.20130857882118025
5399,0.18681039804385813
5400,0.3188048149104057
5401,0.7610925873078763
5402,0.3634366195220483
5403,0.583046388929241
5404,0.022657428802301927
5405,0.04825971282318953
5406,0.11324729859299643
5407,0.48129974555507915
5408,0.3255812280306304
5409,0.3969886476498917
5410,0.5083724579194598
5411,0.5460439393035668
5412,0.13166087096089973
5413,0.0006422470209678233
5414,0.8589694891103686
5415,0.8511765390424577
5416,0.8755241569582418
5417,0.5775845266507348
5418,0.12442499821292574
5419,0.29571752275049334
5420,0.07747424036431039
5421,0.5477867318618553
5422,0.18190409182251055
5423,0.19669097720283757
5424,0.530770958474702
5425,0.29423335272248163
5426,0.3810387685316313
5427,0.420465960655371
5428,0.8336235678122186
5429,0.08865520832577578
5430,0.5607160562095681
5431,0.9062261041226745
5432,0.25959810733389554
5433,0.8725414376330252
5434,0.7001010219993449
5435,0.08911056985165633
5436,0.1368607146174342
5437,0.7840502428754483
5438,0.5867705051705007
5439,0.966590581468286
5440,0.9803862639809853
5441,0.8706689707330203
5442,0.4806428162785473
5443,0.9740865751777651
5444,0.8981508430634566
5445,0.6958829650571453
5446,0.11324775773891393
5447,0.6331054639588299
5448,0.5260908480322579
5449,0.46305266603662176
5450,0.4815528574012844
5451,0.3918299790301165
5452,0.8440170404706898
5453,0.5641789165746488
5454,0.061533309779327916
5455,0.7988080395793503
5456,0.9593837375449272
5457,0.42591634952454005
5458,0.5722163501366808
5459,0.9633757762818131
5460,0.757658010484926
5461,0.2636702749017673
5462,0.10027711431939512
5463,0.7920913176380069
5464,0.4452737769817623
5465,0.6034414782878329
5466,0.25432423640607604
5467,0.11244964379445854
5468,0.7103429363752706
5469,0.5301775608809388
5470,0.45243412457891374
5471,0.7261549353908159
5472,0.5985296670166913
5473,0.2960335021010515
5474,0.37123268337804294
5475,0.2651340201969261
5476,0.6424500734199408
5477,0.47026653300088583
5478,0.5028745498953907
5479,0.8188273256564687
5480,0.8437468222866465
5481,0.674992089422805
5482,0.8106865438797383
5483,0.0007167792950107943
5484,0.021214156256832206
5485,0.03247976699208899
5486,0.31192873758691
5487,0.4624164712623622
5488,0.8595839164712532
5489,0.542042488907044
5490,0.3710751174872813
5491,0.6422885369031588
5492,0.7244238436959157
5493,0.5605481742936345
5494,0.9656957106666466
5495,0.7788749578668549
5496,0.5426150648091701
5497,0.6483241709624133
5498,0.16599070770219093
5499,0.9038521943361825
5500,0.48709196121166576
5501,0.7619943973437934
5502,0.38936331571830207
5503,0.535747228735724
5504,0.7786593868680897
5505,0.3625389106484075
5506,0.6479002497804094
5507,0.3498512911681222
5508,0.8636266258275388
5509,0.562858526071178
5510,0.32853123144613494
5511,0.25175834294354904
5512,0.8960228582035694
5513,0.21913753256886437
5514,0.6349825055928455
5515,0.05392043718860351
5516,0.3957355074133596
5517,0.5705176531824728
5518,0.8159197107721652
5519,0.9562578807818637
5520,0.026838714954300014
5521,0.9760028478976122
5522,0.7769402220843296
5523,0.913692315565933
5524,0.2925500081277853
5525,0.6210490447233054
5526,0.29796220261768047
5527,0.5085841071915004
5528,0.8154729987403853
5529,0.846577702381627
5530,0.027343160224917562
5531,0.8692562952746395
5532,0.6810080536304705
5533,0.18571720587981655
5534,0.2841135868095477
5535,0.21025424295842055
5536,0.9669987496788739
5537,0.13905798831542793
5538,0.7676073115190487
5539,0.25593271840499865
5540,0.2549424148259164
5541,0.41785979602329615
5542,0.659887734671682
5543,0.534640006508119
5544,0.5983506050057286
5545,0.982383889303362
5546,0.9251695512485282
5547,0.8248019661609837
5548,0.36347506285700626
5549,0.21987586421831107
5550,0.6603684970545738
5551,0.9149262939149176
5552,0.08382723843686046
5553,0.19753326327731535
5554,0.31161201858882537
5555,0.6796289992952367
5556,0.019512770661094136
5557,0.552564677850961
5558,0.8003401731382667
5559,0.5637803718098863
5560,0.12481926062673554
5561,0.24133441121957322
5562,0.8589741302634483
5563,0.990030905059797
5564,0.9473206317736189
5565,0.009346851783113341
5566,0.7345181354374037
5567,0.8204038539836291
5568,0.7287005603920698
5569,0.31852496058059754
5570,0.37766371013989797
5571,0.0903633370699709
5572,0.6591157451339047
5573,0.6484203926133478
5574,0.1801757696012768
5575,0.6454636399283659
5576,0.8379092666573604
5577,0.1329293241179934
5578,0.4398276838210201
5579,0.23874961733025124
5580,0.8712142791329861
5581,0.7511603014575836
5582,0.10510581049829837
5583,0.8752508596069366
5584,0.25999203324735154
5585,0.6576043050073166
5586,0.7977333170916621
5587,0.5325212436339067
5588,0.2426906664061177
5589,0.9511691637278858
5590,0.8106813844425663
5591,0.714506935951449
5592,0.4129944737076603
5593,0.9359653061889526
5594,0.0505906747113426
5595,0.056352601447566375
5596,0.11471508918684348
5597,0.15688337690148957
5598,0.520151483836361
5599,0.5640479344612639
5600,0.54073707806436
5601,0.7359074333580193
5602,0.5823972486221797
5603,0.03620428100529083
5604,0.69488847085039
5605,0.43336845843229843
5606,0.344829438279769
5607,0.4003371862465124
5608,0.2803594731547985
5609,0.15161868821795266
5610,0.87342390622757
5611,0.9382952627028001
5612,0.4039566532354285
5613,0.8663137488950767
5614,0.20014405887550668
5615,0.11146714561228721
5616,0.6099241880489544
5617,0.2902471903188991
5618,0.7278000617064803
5619,0.6147183153717372
5620,0.0893611698673552
5621,0.4014439873390979
5622,0.07833274323287864
5623,0.2099215544563371
5624,0.06286737614196425
5625,0.8012352405855198
5626,0.35439412131541026
5627,0.2951298578291286
5628,0.9408843789116376
5629,0.23713864906033844
5630,0.8212020765837907
5631,0.12342572570358223
5632,0.21461264771738942
5633,0.7886851414313351
5634,0.53786672002456
5635,0.35689906252784664
5636,0.5011856156193617
5637,0.9422833125953812
5638,0.47631337154219533
5639,0.29032251215571936
5640,0.31571236120636115
5641,0.18894654475554218
5642,0.6303318721530703
5643,0.41504524652254515
5644,0.018594818231699062
5645,0.6427260787195072
5646,0.21475805159839334
5647,0.26657576555671647
5648,0.49499208089795244
5649,0.9579471938309497
5650,0.09266123416711447
5651,0.03626902994042158
5652,0.48476402785496253
5653,0.2534199030156802
5654,0.20340827485789592
5655,0.2224787051567947
5656,0.7629018572252942
5657,0.17478057428374671
5658,0.7318897636160238
5659,0.7446615075330365
5660,0.8093773384993549
5661,0.8433338296954083
5662,0.5882372956455705
5663,0.04021193184607985
5664,0.8721941688017694
5665,0.5400132582140532
5666,0.4353955015019261
5667,0.8859395892209148
5668,0.6206093739748764
5669,0.27932800739764974
5670,0.5641143965645149
5671,0.6975405769336842
5672,0.8308100527294932
5673,0.30861132052621354
5674,0.5844494491033945
5675,0.6078074011958089
5676,0.15302013427265937
5677,0.0547692842561851
5678,0.3792979625571501
5679,0.7948084119166837
5680,0.41595077850055384
5681,0.7225831426886549
5682,0.5480479126772511
5683,0.8564564467840747
5684,0.3352144420109068
5685,0.5517227582217105
5686,0.4390016670559719
5687,0.281289104416372
5688,0.9682378657947768
5689,0.29716882961797697
5690,0.1648963869493315
5691,0.1533468779119469
5692,0.7763953704639766
5693,0.039730374494750476
5694,0.8838071000456601
5695,0.9784861326598628
5696,0.8256411746569126
5697,0.33135306852041924
5698,0.022813271279930936
5699,0.4582936089007361
5700,0.5251850862035061
5701,0.5939746666661412
5702,0.4393914762141039
5703,0.44632740291765094
5704,0.879162871373379
5705,0.0893840787684047
5706,0.2809675485167936
5707,0.3936925904097546
5708,0.6513607367024072
5709,0.6324254848513947
5710,0.5526408109082621
5711,0.018475283393785458
5712,0.7228395980034497
5713,0.39106500393596777
5714,0.7955581295959763
5715,0.450416463265607
5716,0.3620079009320065
5717,0.9927981452271298
5718,0.21302490064050184
5719,0.38600114742335756
5720,0.2492126036279093
5721,0.9099469372226706
5722,0.19216847405143567
5723,0.016235659599372232
5724,0.8981274707668149
5725,0.2281983234803654
5726,0.7005568166613451
5727,0.1667997341453602
5728,0.381867100709962
5729,0.37626414030487587
5730,0.6501675329947503
5731,0.6523220347240358
5732,0.29176651372750917
5733,0.4161428763634949
5734,0.39348472622324426
5735,0.873636496587668
5736,0.9008199753146474
5737,0.25439284883264734
5738,0.09479660237490561
5739,0.1804769355794712
5740,0.5338639448687326
5741,0.7127575412943196
5742,0.18000635379237506
5743,0.5715507940064516
5744,0.336166972693131
5745,0.13323021740972207
5746,0.03233113631124873
5747,0.2234039952792618
5748,0.31216814917971336
5749,0.5302100869663725
5750,0.39424416545944174
5751,0.7677947576376053
5752,0.24806101686504245
5753,0.5241971303591902
5754,0.84826373535591
5755,0.7139898630704935
5756,0.9653457836501693
5757,0.2324860145021307
5758,0.6787663342171928
5759,0.765838922374952
5760,0.5115108200865637
5761,0.8070461282672597
5762,0.033041608147978296
5763,0.3713492821139305
5764,0.6937336915734298
5765,0.5464068422311624
5766,0.26168146391849834
5767,0.6781286515506492
5768,0.3514196286974349
5769,0.3886727820266279
5770,0.6275392907893709
5771,0.8797337109950926
5772,0.3402995753370205
5773,0.8482873569806044
5774,0.6693238450239793
5775,0.8459564682338122
5776,0.9873185401528303
5777,0.24773823845218246
5778,0.07823073916890189
5779,0.7670407007136667
5780,0.14457454947373616
5781,0.6603201980213487
5782,0.892571837808577
5783,0.4912379411122112
5784,0.0045501138569779
5785,0.5355735617918018
5786,0.641691786229923
5787,0.10313110754059429
5788,0.8953733123699162
5789,0.6835461468874294
5790,0.7720239593727418
5791,0.536326371791791
5792,0.8665647286931105
5793,0.49475534921891373
5794,0.2129007714733253
5795,0.08642526578186294
5796,0.36851934318884016
5797,0.5782252259191666
5798,0.7714113474446346
5799,0.7783313796038956
5800,0.2709552192450644
5801,0.09165787500794897
5802,0.9982401220914002
5803,0.7836081187774685
5804,0.5495301136706165
5805,0.992040344826493
5806,0.7112196996075622
5807,0.9556220265868968
5808,0.4895700965868336
5809,0.5513557405622125
5810,0.5068064128690977
5811,0.6297808381508628
5812,0.44192608513818066
5813,0.7474675267237879
5814,0.5173046716600012
5815,0.35647942076588424
5816,0.5724108794039363
5817,0.9488796636531867
5818,0.24304751832609384
5819,0.5103908315585796
5820,0.42251350462197723
5821,0.9019778186354743
5822,0.794833262374281
5823,0.5328967756561338
5824,0.7341237089530023
5825,0.639402555923411
5826,0.9147360526689602
5827,0.9919821946074747
5828,0.21213510997978335
5829,0.7862229201954047
5830,0.6343610085924151
5831,0.16298865834780585
5832,0.35576772913320265
5833,0.30786155940912174
5834,0.5095586129898743
5835,0.4905064814207186
5836,0.14039973446127973
5837,0.0016607075536166915
5838,0.8295618571635126
5839,0.8600883577231395
5840,0.7534884065642922
5841,0.8831551811298695
5842,0.25220399427003637
5843,0.10540982915073793
5844,0.3798703274870656
5845,0.5561392976047007
5846,0.44547013665196444
5847,0.5336083191934597
5848,0.11845950411869033
5849,0.39604200222266106
5850,0.5531239711185189
5851,0.6249266022913236
5852,0.4075045105799824
5853,0.8062410971262921
5854,0.08858367596160022
5855,0.8836016036039644
5856,0.38836586484219315
5857,0.6911026345266998
5858,0.3404600433079531
5859,0.8545795469778575
5860,0.7521623650202358
5861,0.9519182846332032
5862,0.5723957314086735
5863,0.7291800615215438
5864,0.6833095498668422
5865,0.30706786259493224
5866,0.7985649798134136
5867,0.3581223245868994
5868,0.33126048731183744
5869,0.8596690644962625
5870,0.6467435236290313
5871,0.18247936075722881
5872,0.9206836713865438
5873,0.8304692361249791
5874,0.18881081592068283
5875,0.8521272003161336
5876,0.27201546841093915
5877,0.3853378057935929
5878,0.2321002951652379
5879,0.4174425223970146
5880,0.7953995383937147
5881,0.8218954271862174
5882,0.20003047730087242
5883,0.37204422644706026
5884,0.7337797974782024
5885,0.6993578138906364
5886,0.9332003216431451
5887,0.566010134956968
5888,0.06500667754685563
5889,0.4725259541640252
5890,0.008300280183854758
5891,0.7283343716135827
5892,0.94556985477109
5893,0.40822255429932475
5894,0.9716456860095896
5895,0.1536009826599024
5896,0.5615897014098156
5897,0.6504808039289168
5898,0.06097261959229794
5899,0.16903535546979565
5900,0.3180716327673373
5901,0.871803830982022
5902,0.19615053828782125
5903,0.8080262740663641
5904,0.20852509634944993
5905,0.9065517280451285
5906,0.7210163278683485
5907,0.45961303550238763
5908,0.7051050888904931
5909,0.5231236446568468
5910,0.2456420183144825
5911,0.6459077920643274
5912,0.7873236797415186
5913,0.5098510552049659
5914,0.917855524486632
5915,0.6737941669306509
5916,0.2424181321499096
5917,0.6240742059607305
5918,0.023145274169726893
5919,0.3668958366003534
5920,0.4408894327319417
5921,0.27096466995785184
5922,0.590256925933015
5923,0.6320342446280884
5924,0.8117027492516787
5925,0.9220113904209024
5926,0.4076778061223736
5927,0.964073024470753
5928,0.6287580992598837
5929,0.05370957501815521
5930,0.13485053001695646
5931,0.4545362446107847
5932,0.4548991369795171
5933,0.7736951274006525
5934,0.4916584519569821
5935,0.2075128570238881
5936,0.42893093234290225
5937,0.004851574684202942
5938,0.844628518335464
5939,0.28740887585942854
5940,0.14346378995636233
5941,0.04271809737459176
5942,0.6114934967797748
5943,0.01058212035407291
5944,0.5167777290459771
5945,0.0771355212543412
5946,0.1639520344213059
5947,0.7796350865729434
5948,0.20758671458208333
5949,0.8452497983729333
5950,0.09200064430695287
5951,0.7192511513644017
5952,0.2732452686545159
5953,0.8272367820152884
5954,0.5251205157518302
5955,0.34924221727166715
5956,0.7308435114832406
5957,0.5012519338764175
5958,0.8612128570323697
5959,0.04168128625366929
5960,0.8786590754897264
5961,0.43759081818791057
5962,0.3611078452578389
5963,0.7762376168007414
5964,0.936469961491404
5965,0.661087166380629
5966,0.3046439029020209
5967,0.19749515381566407
5968,0.2996690936549372
5969,0.1987601081718241
5970,0.09945790484690309
5971,0.8262885391256165
5972,0.8508167646889658
5973,0.6852416044151031
5974,0.923873195910764
5975,0.47038473110837087
5976,0.5953229987161313
5977,0.1444224565563048
5978,0.06563465614807218
5979,0.8820860538717077
5980,0.17790594650766112
5981,0.7547202728834722
5982,0.660718342515382
5983,0.481511982603836
5984,0.7503308906014177
5985,0.3940349690553383
5986,0.18764857863185835
5987,0.4247545559047675
5988,0.9869412146223222
5989,0.3145383668499512
5990,0.4066787291676647
5991,0.9270290017393451
5992,0.7246968853475751
5993,0.8965463257557577
5994,0.49399563802953195
5995,0.8021838983326537
5996,0.8397098150710176
5997,0.5464999233016015
5998,0.003574014915847634
5999,0.3267359553289195
6000,0.24327358560125423
6001,0.17703550427255188
6002,0.27449883318043344
6003,0.9431538470759597
6004,0.841386233667243
6005,0.3157532016972884
6006,0.7304435783470146
6007,0.1924221436479131
6008,0.5616841968243484
6009,0.7071197224417957
6010,0.5977632772979643
6011,0.25813658846362364
6012,0.45160282076380376
6013,0.9985981409345571
6014,0.8988319747964618
6015,0.8923482948627941
6016,0.04097280121142033
6017,0.38963527195012304
6018,0.49768252037809735
6019,0.007511572364851116
6020,0.6702565206743936
6021,0.4210891770940811
6022,0.185036269591343
6023,0.08755538534654361
6024,0.7033102893616313
6025,0.42101383879979326
6026,0.8907516961053757
6027,0.5663113523755166
6028,0.27880496867141635
6029,0.3663290340330092
6030,0.7292114226601392
6031,0.4293613518419763
6032,0.2570945875883047
6033,0.889023624507634
6034,0.6111464723884571
6035,0.3952755168268933
6036,0.8644022653018354
6037,0.44119150930456785
6038,0.4264840534740132
6039,0.8091875996259792
6040,0.26188037443729806
6041,0.20416155906367683
6042,0.8692786136648002
6043,0.8966415964487664
6044,0.03643880124837484
6045,0.4766596148032748
6046,0.8876566936029439
6047,0.5543951665221842
6048,0.0674788040285963
6049,0.08485007403426759
6050,0.8917669858069847
6051,0.6226997473508088
6052,0.6910930559191956
6053,0.23362405192828173
6054,0.5498442158480426
6055,0.4905381799782961
6056,0.5124983740408923
6057,0.3328115347493218
6058,0.1973481187522037
6059,0.46984999075168377
6060,0.2549549861663645
6061,0.1710189341223347
6062,0.5066364170816212
6063,0.6237890029688028
6064,0.7653041304501291
6065,0.8858473056798448
6066,0.5830679431118564
6067,0.9728327674335198
6068,0.8176138909652709
6069,0.5251639076978682
6070,0.9663058190890172
6071,0.6031678638339387
6072,0.5276912764655609
6073,0.8019774562354455
6074,0.38708878153917403
6075,0.8592569399524722
6076,0.7091979953118376
6077,0.0278778895238172
6078,0.5889747155953581
6079,0.3276326979969345
6080,0.6329219399095337
6081,0.32913992882001364
6082,0.5468257219390517
6083,0.38880983206004716
6084,0.11569992011527719
6085,0.4886590226100713
6086,0.5892055444377731
6087,0.22087900135420346
6088,0.5537357825198783
6089,0.570523704824864
6090,0.4490805389248942
6091,0.3728088368194016
6092,0.49600748779254766
6093,0.902587435774377
6094,0.4610287749582871
6095,0.9237945464035362
6096,0.7953020166179681
6097,0.00960973471176052
6098,0.5850669768948304
6099,0.9360970799564414
6100,0.3219761821557052
6101,0.9397857131728933
6102,0.6089589178532793
6103,0.3296542462739269
6104,0.4834354325050896
6105,0.1828442317638035
6106,0.09936848529062514
6107,0.21600692757880047
6108,0.5849803025584458
6109,0.5643607235033334
6110,0.46369147452436543
6111,0.7773827336219419
6112,0.3835127571793996
6113,0.131656415965131
6114,0.8991862771302669
6115,0.3298707829839733
6116,0.9305003896822944
6117,0.4644626864245087
6118,0.191134567758106
6119,0.06725849550340235
6120,0.1721371026283326
6121,0.1744955601309922
6122,0.790924068025653
6123,0.3670798206076633
6124,0.0842027159602936
6125,0.7960894662812432
6126,0.3308528507011318
6127,0.25394758146936036
6128,0.7382904263244334
6129,0.1480193108145047
6130,0.28935289574066425
6131,0.22702528679755263
6132,0.019209354653618727
6133,0.2520339706557715
6134,0.6692780582529232
6135,0.9443118110356955
6136,0.31773528022553654
6137,0.362262162151766
6138,0.549974332830517
6139,0.22006337286915
6140,0.906987853562374
6141,0.0875949899459294
6142,0.08966664433282479
6143,0.22707624221110612
6144,0.9252664049304673
6145,0.4018781094700804
6146,0.3932344074914037
6147,0.5454709464706191
6148,0.40182696763517256
6149,0.22567270653767713
6150,0.20619539071378956
6151,0.8778670702615959
6152,0.8545218214578066
6153,0.3558880956258528
6154,0.20913300392002665
6155,0.6387089492697302
6156,0.19674632397413938
6157,0.5970590736635469
6158,0.22880892683177412
6159,0.9085293967229175
6160,0.6577139066673536
6161,0.5015757978610523
6162,0.3532282253467586
6163,0.475315794935142
6164,0.35091140763875495
6165,0.8575226308483779
6166,0.46955762782180965
6167,0.4717975674543027
6168,0.6874741446371275
6169,0.28743884336268377
6170,0.6748108104655475
6171,0.5637007811945648
6172,0.8224783532536697
6173,0.12973764881133565
6174,0.11024444342464246
6175,0.7250441858711071
6176,0.14125452259324067
6177,0.8283007624410755
6178,0.0610155405348064
6179,0.13409495746907607
6180,0.5860588208148535
6181,0.11746483645590655
6182,0.05140316532292066
6183,0.09949448839290165
6184,0.4833403888312682
6185,0.403467478868337
6186,0.0024676099197846746
6187,0.008114915803678069
6188,0.6450347707783954
6189,0.5358120938565512
6190,0.11191237443714475
6191,0.541639632073359
6192,0.9891470288611235
6193,0.550825959159901
6194,0.6269757289114654
6195,0.040132561286359
6196,0.32599724306519395
6197,0.5042845503132054
6198,0.6027135055968776
6199,0.447677946906464
6200,0.2200354844831809
6201,0.21696073980205377
6202,0.6765933492212624
6203,0.6120446767252942
6204,0.9544675852103458
6205,0.16536269020173366
6206,0.46358922011012293
6207,0.9726926725830074
6208,0.4797531609446356
6209,0.4250408966010438
6210,0.0657735145190339
6211,0.5015342485248221
6212,0.11131335486202798
6213,0.3272073622807704
6214,0.9951732643280238
6215,0.5070104333589309
6216,0.7490914183304019
6217,0.010885994673812016
6218,0.5976455206849236
6219,0.30249012978532974
6220,0.7310559632502701
6221,0.6130591320405071
6222,0.5005822418751794
6223,0.9083033463584806
6224,0.7658339033539276
6225,0.9735397850258493
6226,0.5255889868269931
6227,0.04875815754618695
6228,0.16900181900792455
6229,0.9401593362052729
6230,0.7095924032928574
6231,0.5132739641573514
6232,0.29394018509225006
6233,0.1692941958489561
6234,0.3120515464731285
6235,0.17515372231292847
6236,0.1639446752551269
6237,0.4419917565074237
6238,0.996255485815018
6239,0.03337190504734855
6240,0.020468856548240932
6241,0.23763920142953388
6242,0.6171934337961318
6243,0.0768886001082173
6244,0.10537540580124927
6245,0.9407281702617378
6246,0.006314358039518186
6247,0.7094981772116123
6248,0.7848793035146646
6249,0.9826677660068219
6250,0.15153808788343404
6251,0.7218369834139724
6252,0.1009869179348305
6253,0.9673354966953878
6254,0.1986516217979769
6255,0.06496017875401461
6256,0.14343936326811002
6257,0.5072856407924768
6258,0.6061436273193739
6259,0.2121599416411718
6260,0.08219490128257967
6261,0.5683499543920083
6262,0.816285159521897
6263,0.09429098346654963
6264,0.7053051954946999
6265,0.46454403417821966
6266,0.6767075152311732
6267,0.5580647005051926
6268,0.6627377271735265
6269,0.42165285356557936
6270,0.21393864198754997
6271,0.241446853435073
6272,0.7399922868228109
6273,0.369677718803896
6274,0.5082500158818072
6275,0.17971859220225872
6276,0.8620124875061695
6277,0.5938396893858935
6278,0.12196283561967403
6279,0.9813511121754479
6280,0.9724648981177771
6281,0.9634608895348258
6282,0.20253723232110554
6283,0.81070741406757
6284,0.035866609096141255
6285,0.33957439347965424
6286,0.6056500317435045
6287,0.7686732700089406
6288,0.5769091815347434
6289,0.6576369536262664
6290,0.746208597861172
6291,0.7190017639899666
6292,0.24700235424859607
6293,0.6132174872173287
6294,0.8632624440856512
6295,0.4492251051663879
6296,0.8735606205442779
6297,0.47093036193757
6298,0.23938431109928482
6299,0.6663567636594977
6300,0.3225796861505372
6301,0.28991944304380357
6302,0.7554660484051898
6303,0.4912893588850371
6304,0.2742316793719427
6305,0.47543004759104757
6306,0.38419376074258227
6307,0.6500373672082944
6308,0.2183672263648706
6309,0.8609468510988577
6310,0.5016255516884449
6311,0.1474084518362203
6312,0.7313911154301971
6313,0.5974393190988708
6314,0.42868422069848755
6315,0.23011982585239554
6316,0.13938935768873195
6317,0.365568641411123
6318,0.17631898501566257
6319,0.6746439676213993
6320,0.6595929703978672
6321,0.9453512245076927
6322,0.718203706883317
6323,0.5398615581500813
6324,0.24527293867651767
6325,0.06733161189612069
6326,0.0919202679216139
6327,0.40930093647015786
6328,0.6332740521794733
6329,0.1284104601889572
6330,0.11532538862173192
6331,0.9542866903910161
6332,0.3445593935479704
6333,0.042389015284114095
6334,0.26084290264682997
6335,0.7729042793468485
6336,0.937298122222341
6337,0.02048891426948507
6338,0.3796837124553635
6339,0.44637735000777956
6340,0.6702930500243074
6341,0.9807814143274721
6342,0.11649450245720105
6343,0.9694292412658472
6344,0.4486558086430251
6345,0.32403317511547736
6346,0.3303615429550647
6347,0.12575588724962694
6348,0.07831056956768012
6349,0.12583751300363932
6350,0.7761919078910751
6351,0.7630912490170217
6352,0.37615759621742817
6353,0.0171783030318724
6354,0.27628481804025773
6355,0.9471371569460402
6356,0.057625591940171694
6357,0.8177478211895823
6358,0.45365868876410376
6359,0.027343485131276934
6360,0.6238801822782429
6361,0.7436275631042367
6362,0.11312846259614762
6363,0.5638563824017816
6364,0.3420782003927645
6365,0.13775027716539578
6366,0.19142194206840846
6367,0.027071486163333103
6368,0.5549093168587496
6369,0.03588618677336597
6370,0.39856183676082035
6371,0.2553739699960407
6372,0.3429415932844584
6373,0.32519290330199535
6374,0.6060178300250152
6375,0.23087714408705762
6376,0.07446464569414324
6377,0.6910311277148983
6378,0.8203916336310547
6379,0.8515559604401384
6380,0.5898409439792669
6381,0.2128529060680746
6382,0.19700048437089468
6383,0.36188377044759756
6384,0.731394394720571
6385,0.46801628347986146
6386,0.8588801787329381
6387,0.4922589762072067
6388,0.5656324064252215
6389,0.589167777533919
6390,0.15993458861475873
6391,0.6672985302681899
6392,0.5650866007202162
6393,0.11978769856836446
6394,0.6523979793752039
6395,0.023037716770707206
6396,0.36996906465379764
6397,0.9848067607020932
6398,0.370485651168193
6399,0.20847308440616763
6400,0.41154165879121485
6401,0.0988770401334721
6402,0.8538377041272373
6403,0.5356562628718544
6404,0.7203592819281533
6405,0.6936483795111897
6406,0.2090491348438559
6407,0.7168305272238279
6408,0.7918529457173759
6409,0.08411735571824752
6410,0.5999474367810779
6411,0.1037518730193604
6412,0.829989317536361
6413,0.6553698405889974
6414,0.3271323305820666
6415,0.6194722522496813
6416,0.04490786568173655
6417,0.5718091803919606
6418,0.5634730391402232
6419,0.18594847555840588
6420,0.8193177536762184
6421,0.7764454640582027
6422,0.5080892818646248
6423,0.651221687401801
6424,0.022333012549497377
6425,0.8464355801719046
6426,0.5430459382720583
6427,0.7085228751822317
6428,0.2881386280234932
6429,0.7147781353403749
6430,0.6313760764136144
6431,0.14798417130581532
6432,0.5336227110934406
6433,0.05273058170351541
6434,0.11406385462260549
6435,0.05229685543099438
6436,0.6650326776482376
6437,0.9670973575560238
6438,0.5481687455931703
6439,0.8902822466784148
6440,0.7272049299857304
6441,0.7590282533900993
6442,0.7347500645551508
6443,0.35686744092853273
6444,0.8367126599044293
6445,0.3878385812419236
6446,0.7852588262713162
6447,0.20510353604713383
6448,0.06374700245030862
6449,0.2846723596253702
6450,0.6916419852926723
6451,0.9171243055017468
6452,0.9198393069859957
6453,0.32518802350773013
6454,0.7262683372772618
6455,0.10108657695368106
6456,0.8833126644776681
6457,0.3690520751328089
6458,0.14490464793375524
6459,0.25806665466205403
6460,0.8021434034746842
6461,0.1258101939263
6462,0.5225108775574321
6463,0.7831015057771502
6464,0.7983616329653332
6465,0.45631750362518
6466,0.9097541578914792
6467,0.7006881083837079
6468,0.3896669601200067
6469,0.15009352067910575
6470,0.34343119181608806
6471,0.260864018068088
6472,0.17170251342442422
6473,0.43880838330086913
6474,0.9735928262657724
6475,0.03889425505084043
6476,0.38589949608312757
6477,0.5039532874898621
6478,0.5491703026767435
6479,0.8058666991593845
6480,0.22523111935580686
6481,0.028690685761592172
6482,0.10886913029594769
6483,0.1951537108094603
6484,0.12996536371909362
6485,0.1464720426115329
6486,0.6038867753825518
6487,0.02678110113873311
6488,0.5042383681464234
6489,0.9811844342532187
6490,0.9931822392092367
6491,0.37748031942690496
6492,0.20566320826425466
6493,0.16855591471858122
6494,0.9752828882695604
6495,0.31843169691290496
6496,0.057025956623456664
6497,0.9052266964905817
6498,0.3886135036154277
6499,0.8888633661939532
6500,0.013346171049713584
6501,0.08072141056843063
6502,0.6098604188043163
6503,0.0932524124658567
6504,0.9062633490605027
6505,0.5799181105012687
6506,0.21494227095141227
6507,0.9578414690616626
6508,0.24084798959442144
6509,0.2638308643230449
6510,0.45064121756200226
6511,0.7877338044576425
6512,0.0591057857052264
6513,0.6100735455446371
6514,0.3624529757677968
6515,0.30118358236907816
6516,0.7296246690543596
6517,0.39362718299968413
6518,0.7089072840852235
6519,0.6200401243651988
6520,0.7470778732315602
6521,0.9641094795062446
6522,0.01783130676211342
6523,0.23491772549946777
6524,0.6728539895374581
6525,0.8399478097900825
6526,0.48327738707613566
6527,0.7328084456688359
6528,0.6162751080086215
6529,0.7531900570605773
6530,0.9538470941233371
6531,0.38187282516329424
6532,0.5438218949979949
6533,0.27402504609833056
6534,0.9746213251996757
6535,0.004450368669213334
6536,0.504652066666276
6537,0.6498145732434891
6538,0.36751403252444836
6539,0.3832219363880256
6540,0.9865762078816012
6541,0.8581607248456011
6542,0.5291617705254007
6543,0.5813901430232923
6544,0.9590861925975774
6545,0.7049996200192588
6546,0.88648639074569
6547,0.9311506275431688
6548,0.6617001019527888
6549,0.8587352283719779
6550,0.6400393472410332
6551,0.5778780358771096
6552,0.6847304260270597
6553,0.3017646603982368
6554,0.025084671432063943
6555,0.1840037466399771
6556,0.604652554252313
6557,0.05315375037918768
6558,0.6454257542206941
6559,0.1526613919388412
6560,0.11956668670314186
6561,0.4080728742294638
6562,0.22431596540066534
6563,0.4665711326789498
6564,0.31326513087793506
6565,0.7157702741691642
6566,0.17027149003355502
6567,0.10331468130428689
6568,0.8051218182079728
6569,0.5700876963504854
6570,0.26112272238766854
6571,0.8776537683080337
6572,0.07300649761731104
6573,0.6902083826276346
6574,0.7416615470486253
6575,0.48563964399374593
6576,0.9307157809537011
6577,0.45017508576090404
6578,0.8044019747195672
6579,0.26885065846577505
6580,0.2835960775526599
6581,0.3357354480197067
6582,0.26598163230920935
6583,0.4395429139438696
6584,0.14372148028247012
6585,0.8409536727538308
6586,0.9235071025935149
6587,0.15613751752019123
6588,0.21231948396289357
6589,0.6590656997921494
6590,0.40999997562111
6591,0.2974799887987648
6592,0.1046858351377209
6593,0.0438233309552154
6594,0.3159840981044463
6595,0.03289344968846408
6596,0.9856311664209648
6597,0.41309875391325623
6598,0.8367539252066278
6599,0.20948514391284145
6600,0.7987559825137405
6601,0.4151192310946089
6602,0.23439494920086879
6603,0.6333336971131237
6604,0.9660145769217725
6605,0.45212498143378244
6606,0.9323356541932118
6607,0.47969446292429097
6608,0.6154964675771432
6609,0.774670522352619
6610,0.7259961230315984
6611,0.09540344772381415
6612,0.8603161981344359
6613,0.20694581142256385
6614,0.19932712291216226
6615,0.10265435051284777
6616,0.25164582679606284
6617,0.47334226471923835
6618,0.8766513144303428
6619,0.6843542206033436
6620,0.15375724019638592
6621,0.7721451900720889
6622,0.6034625550443298
6623,0.45978261686937516
6624,0.6278506413667655
6625,0.16968194864236286
6626,0.4207805138270676
6627,0.7464314363284433
6628,0.5820831110818384
6629,0.005683845126415732
6630,0.5185682422374748
6631,0.35403816370669583
6632,0.2244405749392817
6633,0.3174283087250711
6634,0.8475035988035124
6635,0.5505198338964393
6636,0.331317305091144
6637,0.05914885448526186
6638,0.7889211805835498
6639,0.29949598059446014
6640,0.6640712862311292
6641,0.5365693939996355
6642,0.28851375888385167
6643,0.20845263964687566
6644,0.3362362911415262
6645,0.07140030607012882
6646,0.11450647885814513
6647,0.7573902189366762
6648,0.13951039425382272
6649,0.3374109497358161
6650,0.33198423818085043
6651,0.1351491056251587
6652,0.35096405720188817
6653,0.811415175733596
6654,0.32608151756614856
6655,0.24134860806722858
6656,0.25700763620351175
6657,0.010272399698640355
6658,0.4103847690975534
6659,0.6441336900944374
6660,0.16617529458519198
6661,0.5105577755817442
6662,0.9859016291183966
6663,0.3976641032883357
6664,0.018766471706768373
6665,0.012363275514840066
6666,0.9844058896079022
6667,0.9351515398086275
6668,0.6415923036885942
6669,0.8201147120207826
6670,0.4305466452014659
6671,0.3693449762390275
6672,0.7914687930981803
6673,0.6771140347256848
6674,0.27997158146774004
6675,0.20873493479075633
6676,0.7996909642763782
6677,0.7705887122698245
6678,0.5864801937314925
6679,0.3990964534536381
6680,0.1424796696333156
6681,0.4645694085959471
6682,0.36414773143364676
6683,0.10984610305027365
6684,0.5868525055278008
6685,0.05762264450206056
6686,0.5868095518343887
6687,0.9391171560909929
6688,0.3719009483515415
6689,0.37647730382256783
6690,0.07418509221138436
6691,0.223672327403294
6692,0.11533303111131299
6693,0.22654567751533428
6694,0.07045230836760541
6695,0.492653245518306
6696,0.8499292114263729
6697,0.004184789730041327
6698,0.7154464848867922
6699,0.04655913296508174
6700,0.601215689174699
6701,0.3669715836186612
6702,0.037527071110392884
6703,0.1390498106238195
6704,0.7302924985661795
6705,0.6014448833849786
6706,0.3896738475761704
6707,0.12770224540041442
6708,0.4028540663221768
6709,0.3173910436789228
6710,0.4080117339189997
6711,0.42656786757842613
6712,0.5524467699899159
6713,0.19217447354099626
6714,0.4061110888084164
6715,0.31890452313048223
6716,0.7086193408223815
6717,0.2505065037338374
6718,0.3448203671911253
6719,0.06274021217150416
6720,0.3144157525139394
6721,0.6946872522748275
6722,0.3187660764768886
6723,0.9044416798177958
6724,0.6039902610409944
6725,0.16408676689964352
6726,0.3310685004921229
6727,0.4928156669027113
6728,0.49424812837327803
6729,0.5303966045371298
6730,0.029955454422293193
6731,0.1957549156342523
6732,0.46805693018957184
6733,0.5037513094461127
6734,0.6583081284980803
6735,0.2613692802473849
6736,0.52435686061059
6737,0.692581201554622
6738,0.550783904232013
6739,0.2081690955262525
6740,0.3259123704011667
6741,0.29322685149401484
6742,0.00019010500683802611
6743,0.9221494233436294
6744,0.6352290119386348
6745,0.21237466893360746
6746,0.8514112771900402
6747,0.05589067601579656
6748,0.6595917967847458
6749,0.23313787329318225
6750,0.3039383501351218
6751,0.13040422798819473
6752,0.12173880854673891
6753,0.9901311114842279
6754,0.730023962655004
6755,0.5612506860641688
6756,0.3826172902157443
6757,0.7518843588342223
6758,0.7285353994134527
6759,0.7555842784963505
6760,0.869520908713894
6761,0.8366821911496037
6762,0.7118389826560871
6763,0.8046180639915602
6764,0.4865331156006908
6765,0.2105863691890264
6766,0.894165280427373
6767,0.5760695340045503
6768,0.8525835763578831
6769,0.7870635822392836
6770,0.7403458785694897
6771,0.4268271695219339
6772,0.9167936977994825
6773,0.16432916774649664
6774,0.13222869637114576
6775,0.5620925479130678
6776,0.34342496122518207
6777,0.11121470022956514
6778,0.4845149851410512
6779,0.28449221950424
6780,0.5587335157794676
6781,0.4839726720799912
6782,0.00584171659014876
6783,0.08420707679201744
6784,0.8897751152714103
6785,0.9249394204244321
6786,0.9330197146285084
6787,0.3248513432025206
6788,0.6746464571808375
6789,0.3041480508061355
6790,0.973524513302898
6791,0.8627780241257271
6792,0.8713228247800128
6793,0.2513142345317452
6794,0.7275238059544931
6795,0.10343423047705291
6796,0.05154293887979666
6797,0.706382584064138
6798,0.5790631263327837
6799,0.8418873937422526
6800,0.8013962049137796
6801,0.5914411275540233
6802,0.9681053687219897
6803,0.7147828356890656
6804,0.10110398593716252
6805,0.9317541818712811
6806,0.37821883127013123
6807,0.1977325447394298
6808,0.1548804722466438
6809,0.9022264181252095
6810,0.7836635985282956
6811,0.8313048947207402
6812,0.3180414808827049
6813,0.5813783363817348
6814,0.975734609385397
6815,0.8552751920877262
6816,0.8129980729962852
6817,0.39102297204087477
6818,0.7243273677201165
6819,0.27679181633357364
6820,0.8049777211364867
6821,0.47750592412097836
6822,0.052570172934316095
6823,0.789173550709856
6824,0.03837929721335076
6825,0.7765175950428376
6826,0.01928167179642659
6827,0.033310559895505576
6828,0.8755512700437752
6829,0.3515149715543906
6830,0.7887305863520532
6831,0.00033286880059879564
6832,0.5768104510809716
6833,0.13280151611228164
6834,0.8837101690582109
6835,0.3906298623270513
6836,0.3778281552362245
6837,0.0003799656986696043
6838,0.3454212060397256
6839,0.8787403706101535
6840,0.9628883250135866
6841,0.7888514108122112
6842,0.10665329791024336
6843,0.8910439897869536
6844,0.8788914528345723
6845,0.9929262163753694
6846,0.6036452995234848
6847,0.2678956751697612
6848,0.5267128692417042
6849,0.6432601321580929
6850,0.4273461838395056
6851,0.5224666815426641
6852,0.013169391614508918
6853,0.6103941139861834
6854,0.819561264355755
6855,0.0016855881676008933
6856,0.41393715874915604
6857,0.5975423602968073
6858,0.4640122973851065
6859,0.512467956926125
6860,0.27424956049410665
6861,0.12692255002550645
6862,0.26101581903459925
6863,0.279109304182791
6864,0.772651434043446
6865,0.6858701260190639
6866,0.1984930740949058
6867,0.20203488945802361
6868,0.5972768831724529
6869,0.5196649020879716
6870,0.8403573324310579
6871,0.456333060669161
6872,0.47430937082795155
6873,0.14500096359834003
6874,0.14826583192259601
6875,0.045077778675727265
6876,0.9592657416988425
6877,0.3089447105010512
6878,0.7678339389302044
6879,0.36050916312439796
6880,0.6398338756340533
6881,0.5577762039876382
6882,0.16334270169885123
6883,0.6549468942300058
6884,0.04390251828685876
6885,0.28120771045612114
6886,0.6005543683358172
6887,0.16730679267166237
6888,0.9696375481019018
6889,0.18756642844973603
6890,0.981794672945387
6891,0.6031512774736534
6892,0.47775619058025076
6893,0.786569748343289
6894,0.928578574728515
6895,0.080746716192166
6896,0.35951565747848213
6897,0.6683933116736924
6898,0.9178776386133943
6899,0.9314398256925712
6900,0.5751991048928934
6901,0.8607593690086711
6902,0.03239881784758747
6903,0.040750735254879156
6904,0.24611640300001825
6905,0.10605962837740335
6906,0.6348136368605765
6907,0.8081978369715858
6908,0.45903171985636415
6909,0.5908481295010625
6910,0.1315415661973771
6911,0.1899009948300815
6912,0.828770377231785
6913,0.26285870338604933
6914,0.7709331778125544
6915,0.8881518599932537
6916,0.529027473160433
6917,0.3812660555728016
6918,0.7721661084787591
6919,0.2791651126254169
6920,0.13818150010156338
6921,0.5027598892294354
6922,0.24271496804778148
6923,0.15848152098810442
6924,0.4087691025087141
6925,0.22731750706699638
6926,0.9946243435402923
6927,0.8398137702171766
6928,0.46673512190382516
6929,0.880162192392905
6930,0.37093347478031446
6931,0.26312140736346945
6932,0.5956542120447985
6933,0.3979842848222095
6934,0.7953874713314678
6935,0.5601557215961582
6936,0.5432369285822879
6937,0.19966121771874712
6938,0.7000113021629077
6939,0.17805561574543272
6940,0.6950853870187608
6941,0.3729844284728868
6942,0.3977277243675508
6943,0.9732946560739663
6944,0.13621998029099702
6945,0.01919905202567207
6946,0.7489488333293682
6947,0.804953036389698
6948,0.5795164209013768
6949,0.2403752545109864
6950,0.5401045844518715
6951,0.6040313019620436
6952,0.9119776907351117
6953,0.06302437201387656
6954,0.5240031463313268
6955,0.5051939665107559
6956,0.4532199033287543
6957,0.17166908997445762
6958,0.6601914358121626
6959,0.9581873754746334
6960,0.5451189632935035
6961,0.12762338617492985
6962,0.9770586237345125
6963,0.7749375816280528
6964,0.7766420152587442
6965,0.14687685761807212
6966,0.35066468674635454
6967,0.9288416193818034
6968,0.4343432827181247
6969,0.8166306413817246
6970,0.1847142347451367
6971,0.3615224793480084
6972,0.34400314265588594
6973,0.5241692221961027
6974,0.6306305838407985
6975,0.9873527546107858
6976,0.5318817218234522
6977,0.7587203706815643
6978,0.7237540861465412
6979,0.5237859990414122
6980,0.8332068771748846
6981,0.006897208755358153
6982,0.7291828081723931
6983,0.1655443106071377
6984,0.6013661719617721
6985,0.9336276475575677
6986,0.3518899406127364
6987,0.8666483604423243
6988,0.3131068040011432
6989,0.17183224957639343
6990,0.5894009327800379
6991,0.013085990374905987
6992,0.47293176823805916
6993,0.8822676943010148
6994,0.9312686021599859
6995,0.1240558334638775
6996,0.021128251438955914
6997,0.15259596236525008
6998,0.6218577114976036
6999,0.45615941826284245
7000,0.8688438253469405
7001,0.7518286830914425
7002,0.17826235156619952
7003,0.804457896346209
7004,0.7388891747341285
7005,0.7744966979332936
7006,0.11843029773183189
7007,0.09705944631954078
7008,0.4679737078686662
7009,0.7959824648947592
7010,0.659310241112918
7011,0.5564431246762216
7012,0.06330498774693805
7013,0.29205402404943925
7014,0.3402120296434561
7015,0.7938556663480909
7016,0.34598818369412176
7017,0.25619710968604725
7018,0.05452742271097599
7019,0.7038995082214532
7020,0.5626188607544047
7021,0.28647453949197543
7022,0.18717851974180177
7023,0.48830052651165334
7024,0.050534413056378624
7025,0.9956268908653145
7026,0.2865096046049609
7027,0.9940770648470122
7028,0.7959114814053856
7029,0.6019834444800733
7030,0.25542341256785994
7031,0.8491473337804173
7032,0.5849470603749495
7033,0.9672127280491637
7034,0.4533814531099045
7035,0.9100887772612658
7036,0.8539598823415896
7037,0.5645804060704606
7038,0.33444045189826077
7039,0.15046147070322924
7040,0.9387378951408158
7041,0.11230758485470094
7042,0.009596581779086844
7043,0.4532875863171403
7044,0.743685298620898
7045,0.05714716638501305
7046,0.5905720003595195
7047,0.1432572802502814
7048,0.5389544947774813
7049,0.6795545905383493
7050,0.5024906371966857
7051,0.9877516920851659
7052,0.17688787194109823
7053,0.9821005724195102
7054,0.8429866460003597
7055,0.38089113450069045
7056,0.8355934265600662
7057,0.7291258347716661
7058,0.723745786067785
7059,0.08053974651914175
7060,0.663467885069832
7061,0.37635433293568776
7062,0.24774148701685683
7063,0.2220506138156897
7064,0.15836442869233658
7065,0.13927809791258605
7066,0.9786661743601762
7067,0.09926781442350863
7068,0.32603494395049504
7069,0.5693202995492808
7070,0.7396518730549496
7071,0.5417281678902963
7072,0.03596499776013562
7073,0.5185643576013601
7074,0.7977960906310553
7075,0.3617581940407929
7076,0.41258118963616686
7077,0.4857478511530261
7078,0.7474154077595605
7079,0.9099199175055306
7080,0.5937668834210855
7081,0.38996025115240673
7082,0.31370173719845973
7083,0.432546191903993
7084,0.01988202709237641
7085,0.7623738083208479
7086,0.7950140260560198
7087,0.4432179664504544
7088,0.8893170252636817
7089,0.1682818516930713
7090,0.426119992604325
7091,0.768809608171981
7092,0.42920225103921916
7093,0.034796875630601076
7094,0.1327474217250444
7095,0.7938474505625416
7096,0.9519758092490342
7097,0.006601296763592668
7098,0.9681772020162556
7099,0.5167106782097965
7100,0.4313102009226616
7101,0.4113448789164291
7102,0.8096478064926027
7103,0.5610124027593514
7104,0.14654217563416572
7105,0.8421286346634067
7106,0.1101488223982956
7107,0.31297000673981
7108,0.4262546282522688
7109,0.4921242475383881
7110,0.38001074417027747
7111,0.8455526841539988
7112,0.5659925386960686
7113,0.9766033108444546
7114,0.617692418051724
7115,0.4452302900236612
7116,0.3914546948976203
7117,0.09107670099751541
7118,0.37361188596358674
7119,0.48216505645241037
7120,0.09274117630523449
7121,0.023371765253665577
7122,0.6719066037116362
7123,0.45740596600388206
7124,0.6348816730796102
7125,0.8423259111412843
7126,0.8109290289498067
7127,0.3678915428948373
7128,0.525913582949061
7129,0.29228643679796373
7130,0.2928574277393179
7131,0.7234311238160956
7132,0.8842279429790137
7133,0.7979807424841949
7134,0.530631899976531
7135,0.8247191460664233
7136,0.8215059287088797
7137,0.4464922727202498
7138,0.7896595369518119
7139,0.45157244354601556
7140,0.8472467066760235
7141,0.046740002122237945
7142,0.18927759588536497
7143,0.328452676719171
7144,0.49243330050043677
7145,0.06263972365199999
7146,0.1559398455348493
7147,0.3441330922129615
7148,0.49954681418283076
7149,0.42036987544510085
7150,0.7461744663879217
7151,0.33543120308354557
7152,0.5556304209846294
7153,0.5194660188767094
7154,0.13042299792956624
7155,0.369198840922772
7156,0.6753445591974143
7157,0.3673224374702231
7158,0.0008239778585913404
7159,0.36362109701327716
7160,0.313328790835645
7161,0.6122783691823097
7162,0.6559701732283233
7163,0.5917368493057837
7164,0.40123597618889195
7165,0.5425483040027098
7166,0.41346963047844587
7167,0.13629588338010523
7168,0.7954825205042915
7169,0.026388133757202836
7170,0.9349814905344649
7171,0.9725188437858586
7172,0.10492523061238546
7173,0.08039104717330414
7174,0.13580900229725268
7175,0.6697184774851144
7176,0.00713559971972455
7177,0.8618534520535515
7178,0.6745756733970409
7179,0.655998109233927
7180,0.5316466327237367
7181,0.2624984678762401
7182,0.7179964696491112
7183,0.7831830263915227
7184,0.2128567572034794
7185,0.941100937702417
7186,0.9278620862550319
7187,0.4210898160405172
7188,0.010238872928309273
7189,0.3444904402495481
7190,0.983767462572876
7191,0.011176601221893012
7192,0.10374720102996915
7193,0.4142993800762482
7194,0.23904467344755853
7195,0.4735599700206481
7196,0.4947133409559391
7197,0.11164648188932913
7198,0.27350347060148206
7199,0.6861837443205134
7200,0.6980972995335772
7201,0.1365508375913972
7202,0.6258909104735777
7203,0.5673726965228664
7204,0.17774828463493153
7205,0.2910464481388647
7206,0.14280823008487298
7207,0.8550222710139329
7208,0.9769255684756853
7209,0.7159097204980563
7210,0.10985384634384576
7211,0.8309518808438546
7212,0.2692637246263645
7213,0.41816793625783566
7214,0.5566222526179918
7215,0.27302379495788764
7216,0.924081120787867
7217,0.18248013471306468
7218,0.9323251223360931
7219,0.7916667814921112
7220,0.6524415185664034
7221,0.7466380435429429
7222,0.1255637440154369
7223,0.4353390650418961
7224,0.5900483680396938
7225,0.03377375312762476
7226,0.05675642455104579
7227,0.7878911860871558
7228,0.850422588086627
7229,0.14995092628634266
7230,0.6183616396918428
7231,0.15775970589718158
7232,0.22147989675693946
7233,0.1104482237929334
7234,0.5875214750521484
7235,0.4391015141637824
7236,0.9926073123532243
7237,0.40707373429377225
7238,0.8849965981338106
7239,0.1374731771305575
7240,0.18017400658644311
7241,0.863705888721616
7242,0.9016906147454132
7243,0.5736339659850241
7244,0.38760961472250743
7245,0.14373611825691446
7246,0.43757152025881085
7247,0.024303918924489576
7248,0.42683018656679994
7249,0.5903563323293006
7250,0.8898878787122384
7251,0.6394880733109972
7252,0.999255101341644
7253,0.4836618364760512
7254,0.2790412490469357
7255,0.5182834327322402
7256,0.5278993100521063
7257,0.4400148810351482
7258,0.7242589702313128
7259,0.711335134615569
7260,0.7742363003338186
7261,0.9021800424086529
7262,0.7799904466936588
7263,0.6337734152719855
7264,0.62902782093098
7265,0.6434785663997857
7266,0.3904754279452254
7267,0.9751787058538436
7268,0.7202192643728892
7269,0.6158453440869213
7270,0.6796047662198489
7271,0.13877337687373403
7272,0.644446801072713
7273,0.5732852054453937
7274,0.7084957427714945
7275,0.03449082901588518
7276,0.11421256136074254
7277,0.9245981929668056
7278,0.23455325326729104
7279,0.783812618097797
7280,0.8501720435344982
7281,0.021799838113154335
7282,0.20584436188395383
7283,0.8111525804047025
7284,0.30871950707618123
7285,0.46246483116733494
7286,0.4527721094850007
7287,0.12479890806218363
7288,0.09978933092266251
7289,0.4552518127067746
7290,0.9036705449790838
7291,0.891162688356002
7292,0.557568617258335
7293,0.5175834638661841
7294,0.38513754128719124
7295,0.030703206384467774
7296,0.4783980206325603
7297,0.8489547624597157
7298,0.9980104719158106
7299,0.4459327431650647
7300,0.4906403210321778
7301,0.6770315478821926
7302,0.32072346918940575
7303,0.04396542538827397
7304,0.8072436152308449
7305,0.49488083983104625
7306,0.5462399458170453
7307,0.8662292440752402
7308,0.7231987641475514
7309,0.3504418719697171
7310,0.8722667535136375
7311,0.5411939104480274
7312,0.8205848952093762
7313,0.6390637964773475
7314,0.7100925532156791
7315,0.43260890543110064
7316,0.5514961559142082
7317,0.5966662760301884
7318,0.05222511944909136
7319,0.6321702473356555
7320,0.5175674746993786
7321,0.12476441277401751
7322,0.5792470418402832
7323,0.15612886795104286
7324,0.45936836004660153
7325,0.7514058385832848
7326,0.9181416360969996
7327,0.006532373911977141
7328,0.8437581927033964
7329,0.5924296073372723
7330,0.16706808499397818
7331,0.8851308117086677
7332,0.14776905482016567
7333,0.22861015459676082
7334,0.012369659434642855
7335,0.1471724612236439
7336,0.7669515128132929
7337,0.12264643933286923
7338,0.037105202600244636
7339,0.09836673289384634
7340,0.9238770019934738
7341,0.4917865877925359
7342,0.24770243402499736
7343,0.6546484264206015
7344,0.24700930023787648
7345,0.34781950430409714
7346,0.9769899140430829
7347,0.5038227192590996
7348,0.7608297619877374
7349,0.8870687962134686
7350,0.8764902471749562
7351,0.9069341757181828
7352,0.5506155881133683
7353,0.4521663967120916
7354,0.6313687915610147
7355,0.4229931197472303
7356,0.9296458169898566
7357,0.7373792515572796
7358,0.290811638141778
7359,0.26061850992602176
7360,0.45086704532901456
7361,0.2605720100151112
7362,0.3319755183703109
7363,0.8415159846486768
7364,0.25308939873008807
7365,0.7271800044180633
7366,0.5654962761728491
7367,0.7072483139947289
7368,0.07221970096824348
7369,0.8183529769179648
7370,0.581533995532078
7371,0.6823194716728744
7372,0.038308696767798134
7373,0.7210840349584081
7374,0.8560050305259368
7375,0.001415454378068004
7376,0.05296773121651854
7377,0.5860392334715712
7378,0.027783511323551502
7379,0.018027956948964752
7380,0.24906580603377515
7381,0.3058189943400672
7382,0.8812829833397792
7383,0.7507752387767731
7384,0.9027110835114982
7385,0.2124138461635321
7386,0.5826566407067748
7387,0.6195128977054943
7388,0.1542945022730282
7389,0.822603377881081
7390,0.8722585225568753
7391,0.0780198375678488
7392,0.2685393878247968
7393,0.4365639299298888
7394,0.9491471664477611
7395,0.7352946055795647
7396,0.8707912835804956
7397,0.8647815904109757
7398,0.6480673973872003
7399,0.6770392134194105
7400,0.4118254114672185
7401,0.36825015262230987
7402,0.8423986380276631
7403,0.04989191904353285
7404,0.6401537860646382
7405,0.5651480403093748
7406,0.8254183192136315
7407,0.45555282400683794
7408,0.4783702335401152
7409,0.24531470609908834
7410,0.4770101643089052
7411,0.6461347319023872
7412,0.10395031400778298
7413,0.3139994535381897
7414,0.38807340085091224
7415,0.11138269824798741
7416,0.9464893629731077
7417,0.38222971936846517
7418,0.3412935857520141
7419,0.6941591245164551
7420,0.026395701541052974
7421,0.8765624446338829
7422,0.8627494806806606
7423,0.4529419042114571
7424,0.7302565987593106
7425,0.6287855003940194
7426,0.9812195463512164
7427,0.6971350308060071
7428,0.25390895782767364
7429,0.5300037156375386
7430,0.4586047713962863
7431,0.8645250347541628
7432,0.3554580066219014
7433,0.9562363272833606
7434,0.402252792525739
7435,0.45965101741985637
7436,0.10733393918332612
7437,0.6951697154849784
7438,0.24131357995236857
7439,0.3760529907386524
7440,0.32032474763587504
7441,0.28961740792531254
7442,0.6524377457466174
7443,0.04635121030125855
7444,0.0795772657137318
7445,0.029200957164243313
7446,0.006690979021051868
7447,0.8612049883505134
7448,0.18523348233406
7449,0.43487339539690806
7450,0.36305882303817993
7451,0.9727421464712378
7452,0.01499248841506673
7453,0.6667280840760619
7454,0.21547221690148544
7455,0.17752557578701378
7456,0.3024290659322366
7457,0.7599417323603336
7458,0.2263626982845961
7459,0.876733508926615
7460,0.13994031208178837
7461,0.015152061407264883
7462,0.3860735310516239
7463,0.20885143631672398
7464,0.15710760416800706
7465,0.2474810966435349
7466,0.11275749962778181
7467,0.19028731162413715
7468,0.3792523062729659
7469,0.3763126129746587
7470,0.4069542242141233
7471,0.33786024835998507
7472,0.9704118335501165
7473,0.5337635510092025
7474,0.043550202901811
7475,0.4632224281137547
7476,0.851809680257294
7477,0.7298927656923307
7478,0.4770668005578509
7479,0.9930015306026564
7480,0.6514299859500762
7481,0.9884816023126041
7482,0.5346522889668657
7483,0.3218843122116306
7484,0.04789345888707941
7485,0.7648993607426358
7486,0.9181135750792357
7487,0.8757985317484231
7488,0.048738990448451425
7489,0.46122411325667423
7490,0.07618164268192351
7491,0.9315514052131011
7492,0.27075596595383356
7493,0.3822343330851351
7494,0.7095872398930836
7495,0.40548640633903854
7496,0.1998107094916114
7497,0.7194590361009734
7498,0.372020309252146
7499,0.16050026959076547
7500,0.74754894243311
7501,0.6710946488647499
7502,0.9892175663058865
7503,0.43605446750571886
7504,0.3258602399922732
7505,0.35339431502885543
7506,0.12803105013816596
7507,0.31327948972626307
7508,0.07415214448289731
7509,0.5460036490320003
7510,0.6538708717953552
7511,0.6465391628498196
7512,0.23295007470765283
7513,0.8107876589010043
7514,0.17772728730197118
7515,0.1645286670789028
7516,0.04436573288475998
7517,0.08215350281889677
7518,0.3935958756953012
7519,0.4543059211168987
7520,0.5967135663361722
7521,0.6437103861833333
7522,0.7090822808184628
7523,0.5245505703150496
7524,0.9900574830794321
7525,0.07780658896311243
7526,0.6125673153291011
7527,0.04010936687076061
7528,0.11353301562660634
7529,0.24293467636555566
7530,0.3806194941853863
7531,0.6756183309812982
7532,0.16337812612035296
7533,0.17589867344913523
7534,0.7755261944054457
7535,0.37831479019439895
7536,0.7836456811728759
7537,0.35512579350635964
7538,0.7225923306279227
7539,0.8835494121850607
7540,0.18535557513619993
7541,0.7150731785525559
7542,0.7750513351726429
7543,0.7550073485048472
7544,0.43996520879834755
7545,0.01643046341575627
7546,0.4177742777292952
7547,0.2997198405838586
7548,0.40784078748813724
7549,0.1327495120640464
7550,0.3584523740153941
7551,0.09233917292395999
7552,0.719649653422688
7553,0.08086758850718523
7554,0.8281712036823062
7555,0.7054129750814795
7556,0.8595960378781583
7557,0.3890764910273604
7558,0.7171469489524889
7559,0.6735365798494137
7560,0.4695681079326999
7561,0.886553326185878
7562,0.19167365516751478
7563,0.9172544617840351
7564,0.7058449182243737
7565,0.1113305532143326
7566,0.9994324116819866
7567,0.46738231718287826
7568,0.38414362016656456
7569,0.8520217976128195
7570,0.4692672043134307
7571,0.9990216755521506
7572,0.8113899586748198
7573,0.4673603612452689
7574,0.6738722140328145
7575,0.24382557069097655
7576,0.7457649024964418
7577,0.39232813903207353
7578,0.13762231972064864
7579,0.12788183385808727
7580,0.960928113540278
7581,0.04365254741125657
7582,0.5836924985602089
7583,0.4192137269565336
7584,0.8543523795811934
7585,0.8106952833593697
7586,0.033924063887718625
7587,0.2820705749562469
7588,0.5821418911917452
7589,0.16653546483038884
7590,0.5548156762631693
7591,0.4609371891863775
7592,0.08784789007492089
7593,0.34969921966810835
7594,0.5031630630064184
7595,0.3988647956362854
7596,0.0291635485750269
7597,0.20411862614096887
7598,0.345100752620101
7599,0.8667321866135904
7600,0.24800296614116935
7601,0.2710483093666918
7602,0.09834180225583578
7603,0.38668126329173313
7604,0.5724207191766577
7605,0.6644450370513536
7606,0.7225077769566367
7607,0.8492080455862744
7608,0.005865913231434261
7609,0.7295510564523666
7610,0.6302895910636441
7611,0.888923593774249
7612,0.6540742907130584
7613,0.695954743859609
7614,0.4653844266366427
7615,0.5024777999765064
7616,0.40911538869185127
7617,0.12750023216412576
7618,0.1986580280874518
7619,0.8467050494093875
7620,0.4851928805216642
7621,0.8938299120032106
7622,0.21675652270136736
7623,0.357535820574732
7624,0.5352540463516338
7625,0.23495774059637287
7626,0.46908841682963176
7627,0.8409681514111345
7628,0.5012866411476423
7629,0.9444344958032265
7630,0.08525911973752687
7631,0.7261819328172124
7632,0.9965286057073124
7633,0.19076290146410202
7634,0.1415152898232488
7635,0.399530092888702
7636,0.17695146195137024
7637,0.6145397582213067
7638,0.7677958606635037
7639,0.18537691355343178
7640,0.9100062009715677
7641,0.5158855577887378
7642,0.7840926175196976
7643,0.09988687627215131
7644,0.7186118806402942
7645,0.589852932420888
7646,0.1895605703713722
7647,0.6834424930591005
7648,0.5425898885811293
7649,0.9270758733292431
7650,0.3273688341630199
7651,0.13006248199721948
7652,0.222309409345112
7653,0.3685356090107903
7654,0.5301180196078201
7655,0.3404540822826361
7656,0.7636386805181037
7657,0.8657845943947984
7658,0.5692669902816424
7659,0.4853366045822287
7660,0.9562337199488139
7661,0.6371541940366882
7662,0.6617955110020018
7663,0.5372103472548831
7664,0.7813985028976329
7665,0.8266203116160445
7666,0.2432087201720463
7667,0.1202173320708807
7668,0.39103847865579444
7669,0.9394578151922534
7670,0.07745043872467694
7671,0.2523352244062672
7672,0.7755985134891198
7673,0.03584078275763658
7674,0.15087527766037667
7675,0.6634478481240721
7676,0.9308396526465416
7677,0.29882582403046365
7678,0.48868339958813944
7679,0.18226331549780994
7680,0.4415579542403818
7681,0.47661408514019654
7682,0.6377483553429868
7683,0.7765899334812146
7684,0.28113626246210055
7685,0.321717749670976
7686,0.47928958662339416
7687,0.7154153906464804
7688,0.667020646129998
7689,0.3258870790544801
7690,0.7020769007142063
7691,0.5769008202005372
7692,0.7510434088952943
7693,0.34302596719399947
7694,0.4840740749309932
7695,0.9113744828933253
7696,0.7742616561904061
7697,0.11290952262177445
7698,0.8378062031585706
7699,0.133044223194962
7700,0.4576986962694203
7701,0.6445666904888043
7702,0.06750153460073982
7703,0.4619943424969727
7704,0.3557121321527231
7705,0.8137554812608234
7706,0.23593854682446636
7707,0.08167779332469616
7708,0.32945631157193034
7709,0.27456836217825575
7710,0.6719067613437424
7711,0.2903846359063651
7712,0.5157292981775081
7713,0.32473004774265124
7714,0.7237577144433718
7715,0.32165042101854935
7716,0.2508979536212921
7717,0.6883428567869065
7718,0.1339070942953824
7719,0.9334654021822201
7720,0.2113406025525566
7721,0.5612390779934732
7722,0.03267635510126543
7723,0.26299767591596435
7724,0.47259027064998027
7725,0.3882203523479886
7726,0.9197748831111371
7727,0.13084447566883728
7728,0.6435544372073491
7729,0.6920390340146587
7730,0.1400939687012306
7731,0.6386635195204707
7732,0.07655613314750209
7733,0.20544428142629034
7734,0.6626460789341115
7735,0.6807501653773609
7736,0.8951151227429911
7737,0.3214369276725967
7738,0.750253732572511
7739,0.08707879831597043
7740,0.9883763218473481
7741,0.7588413958648219
7742,0.5224181194242485
7743,0.2401653671109557
7744,0.6219877281099591
7745,0.1055675943852804
7746,0.2747435018374894
7747,0.4177687691635181
7748,0.9357994658375673
7749,0.48970154651946396
7750,0.828192277140718
7751,0.6978215779831468
7752,0.4954714127200538
7753,0.4516670153740846
7754,0.9079718035629629
7755,0.23788637391983192
7756,0.4941235120448485
7757,0.6533124430000344
7758,0.4149256600367148
7759,0.34706461309597403
7760,0.6251030601916215
7761,0.31094421237676173
7762,0.900590099238501
7763,0.1589953515398298
7764,0.6439460235128629
7765,0.43130481561647716
7766,0.1405551788804944
7767,0.8392801376643362
7768,0.5471613018053013
7769,0.8982190892018943
7770,0.7464505426512851
7771,0.3502581539244267
7772,0.14410119035106927
7773,0.5948295251198514
7774,0.14222079617481975
7775,0.22435702607385544
7776,0.3667631402873909
7777,0.5487052082439824
7778,0.832241614644141
7779,0.09631874085768943
7780,0.5745842940388192
7781,0.1992872356047326
7782,0.09014659707635053
7783,0.34396125217419604
7784,0.9917252097865865
7785,0.7701379248799234
7786,0.21364717105558506
7787,0.7412399816199904
7788,0.9362402781091089
7789,0.1435827118792975
7790,0.34483103281930794
7791,0.06535375456365167
7792,0.9083863000325302
7793,0.09438052835314381
7794,0.9326445160879838
7795,0.8618779012506974
7796,0.6689138857451765
7797,0.909623807308581
7798,0.6026855361721195
7799,0.9324254789436152
7800,0.8670546020686465
7801,0.7820060255509059
7802,0.31449671575619864
7803,0.19380476641760158
7804,0.3054440041294787
7805,0.6403522868033705
7806,0.9801421709019642
7807,0.6514934153131509
7808,0.48821563781455635
7809,0.135740913303655
7810,0.5276644561938205
7811,0.013365706203062655
7812,0.969392688138983
7813,0.18761710913663976
7814,0.731395659949064
7815,0.4978171123082463
7816,0.8037007673103232
7817,0.0861641430505663
7818,0.6648304309178965
7819,0.649009007339215
7820,0.028729247519567513
7821,0.6305248590398952
7822,0.1338764751624183
7823,0.7106173622950201
7824,0.6967026440949442
7825,0.14583387829090977
7826,0.8768646943735584
7827,0.6665161988539993
7828,0.1218985481269036
7829,0.5947048242231239
7830,0.10457201714384956
7831,0.7188688346324754
7832,0.3856928587073415
7833,0.4314980357570245
7834,0.749129070116252
7835,0.9833925280730794
7836,0.19148245858206037
7837,0.8488740680189063
7838,0.872258569482436
7839,0.2365937368916433
7840,0.3909257750945824
7841,0.6777708341353074
7842,0.17762957609128516
7843,0.22287446523663856
7844,0.5227971053624487
7845,0.8173953081135246
7846,0.8253270164584972
7847,0.2178243275776116
7848,0.7103507275436094
7849,0.10415987489555212
7850,0.6626933271735527
7851,0.15519769707925601
7852,0.6830794523892493
7853,0.4633956807038254
7854,0.20159355688962355
7855,0.5390230833656492
7856,0.16196975754439036
7857,0.7776157031038956
7858,0.8150776294904911
7859,0.49877087716806
7860,0.232829729783525
7861,0.6844130842679902
7862,0.5553199217194182
7863,0.3395096013652762
7864,0.7816786687958636
7865,0.4942809631850815
7866,0.2430218224806684
7867,0.24380120802945004
7868,0.5359222545665266
7869,0.09734405112142497
7870,0.78888312562393
7871,0.6422162009819303
7872,0.36209965683457745
7873,0.736950574448974
7874,0.3920851741094652
7875,0.475083493285578
7876,0.8081904510125264
7877,0.7633492948282103
7878,0.5674433542528003
7879,0.9283482500079592
7880,0.9151019123973466
7881,0.94485121562725
7882,0.2900503240202883
7883,0.1714347196923992
7884,0.17673839657198154
7885,0.5494645607082749
7886,0.397414725341215
7887,0.5581607415747153
7888,0.8690457624181477
7889,0.16987401216646392
7890,0.8956350063113908
7891,0.16969306814292584
7892,0.04171867435581511
7893,0.17575936466432618
7894,0.531617385674935
7895,0.5359021199862498
7896,0.9479637033648722
7897,0.9416125370022977
7898,0.7597259741857039
7899,0.7435379625501851
7900,0.6752076024244646
7901,0.8519289028428151
7902,0.36080103475186276
7903,0.9919006593345017
7904,0.05319875296135057
7905,0.9030981526870092
7906,0.12420978232661328
7907,0.2804673429742194
7908,0.5703888423838749
7909,0.5682721739147011
7910,0.05302500619086492
7911,0.6671079247331418
7912,0.20179031736512576
7913,0.9845914912347425
7914,0.5363650183096415
7915,0.7359076810238505
7916,0.9183144437629551
7917,0.7995912320932537
7918,0.9343799356148483
7919,0.579101176226925
7920,0.12771732965492943
7921,0.163550146776422
7922,0.041882889542357304
7923,0.3660174597658331
7924,0.057008666067046465
7925,0.707986049195513
7926,0.19115294483011536
7927,0.6465484109452255
7928,0.4505056876869086
7929,0.524443011201377
7930,0.2259035753643861
7931,0.38592926641066905
7932,0.3029687953163007
7933,0.8411245308537603
7934,0.6881953607137294
7935,0.27335871458881167
7936,0.5800138105417368
7937,0.6137387637778026
7938,0.17142866806342205
7939,0.23529934785924045
7940,0.9145503950050593
7941,0.9200838414786779
7942,0.023530959678330854
7943,0.8137350324275372
7944,0.09823109711069367
7945,0.8606909898697148
7946,0.5976836060549707
7947,0.1752507293690595
7948,0.4331087829428919
7949,0.16179268848570916
7950,0.3644336433602795
7951,0.2067315807809894
7952,0.4969706647132397
7953,0.08477584648950809
7954,0.12139730402773496
7955,0.21542798840527122
7956,0.39490974860729844
7957,0.10657636974773932
7958,0.06466377635998466
7959,0.6143032289025312
7960,0.32956463389624535
7961,0.5376211831385046
7962,0.1021613921173048
7963,0.01950769737983571
7964,0.7980421171173571
7965,0.9576969323444274
7966,0.328411658799162
7967,0.3366284027979648
7968,0.5753634620111033
7969,0.5254011607372698
7970,0.37523380126670736
7971,0.8576796079758958
7972,0.1843458343951645
7973,0.36507244329210065
7974,0.7980603395483492
7975,0.41528639390423727
7976,0.8910238987146972
7977,0.7561147452345856
7978,0.8659536739561261
7979,0.385215159766519
7980,0.0725530092047324
7981,0.9394568090482449
7982,0.2832056290462629
7983,0.12685761656156125
7984,0.41607170972473484
7985,0.8455875295971172
7986,0.13397601032371875
7987,0.5825890583457027
7988,0.8044419258179493
7989,0.5585259845927443
7990,0.048456455839803625
7991,0.9411980874254575
7992,0.03389878719642747
7993,0.2360301848655253
7994,0.2450471456340172
7995,0.8259073215481157
7996,0.4944863987958473
7997,0.8065905520864919
7998,0.2851584652084609
7999,0.34282350346116897
8000,0.7758601156996007
8001,0.40671137337461827
8002,0.40792760010852724
8003,0.06410628608521018
8004,0.2445227818605088
8005,0.7360249852394415
8006,0.14106585296479113
8007,0.11462065358898821
8008,0.7819311761265836
8009,0.29994898563263583
8010,0.5357474072820098
8011,0.1731105771585162
8012,0.6102199028450931
8013,0.15689144539622502
8014,0.2847563379234629
8015,0.5150341827614858
8016,0.23245085173542257
8017,0.6558643428381301
8018,0.5908265295524925
8019,0.9387215376339496
8020,0.9588606742586404
8021,0.8360898180463383
8022,0.14908175745727548
8023,0.981955452328899
8024,0.3679886803751413
8025,0.0037788731999410796
8026,0.3413883239059242
8027,0.7314617495643321
8028,0.23374687486874235
8029,0.25353551067853464
8030,0.3170775978117706
8031,0.3783690669483747
8032,0.8741697897719771
8033,0.9895647458478761
8034,0.830928807702605
8035,0.5884186938045098
8036,0.19871732347558146
8037,0.9764469222110024
8038,0.32336918440047757
8039,0.00450497914828607
8040,0.934748449712143
8041,0.11272875418890671
8042,0.13796585194008082
8043,0.11275624311481791
8044,0.781744896252056
8045,0.9658775657326408
8046,0.6744370569465752
8047,0.19942216060288787
8048,0.4279247598361525
8049,0.82112915383853
8050,0.03634503566839542
8051,0.42930921446933445
8052,0.3914038021441919
8053,0.5796805672845791
8054,0.22580453999972383
8055,0.6539172981458693
8056,0.0470826055236343
8057,0.9691751038584842
8058,0.3350449452431723
8059,0.3068595651613564
8060,0.8205603884365564
8061,0.4110859752402961
8062,0.9167445795402972
8063,0.15959675665116269
8064,0.3545822712646727
8065,0.34761259230398334
8066,0.8647380983257787
8067,0.6976401081655955
8068,0.485545068612833
8069,0.07883835348397616
8070,0.7319348039315788
8071,0.98186904584532
8072,0.25466719819035843
8073,0.1810585257699685
8074,0.3276290569925989
8075,0.8003064130760006
8076,0.8234768394409072
8077,0.9827164624713247
8078,0.3912546630876178
8079,0.16088967772961105
8080,0.6136285470712113
8081,0.18594550411292765
8082,0.5209473330125789
8083,0.9990463215048169
8084,0.1493288085427874
8085,0.8802926850164601
8086,0.6829607211131876
8087,0.7837108587535618
8088,0.8730667229578774
8089,0.3722484572054142
8090,0.2877801607699615
8091,0.7708734479561823
8092,0.4193763033114857
8093,0.2969460474982464
8094,0.6526484119427549
8095,0.24033972203600174
8096,0.3747543097376791
8097,0.2008800239822156
8098,0.6832765546476489
8099,0.4474347965070755
8100,0.4474825699869325
8101,0.8825265220678574
8102,0.15926405227638185
8103,0.35479324926551736
8104,0.26507453806927694
8105,0.9601211999397615
8106,0.671541433514054
8107,0.09031700929397612
8108,0.6944661205070952
8109,0.22799137103595513
8110,0.23283663253038578
8111,0.277427455647394
8112,0.7972873859816304
8113,0.5591544876223373
8114,0.46748585077197724
8115,0.6418014540818532
8116,0.7048374309699126
8117,0.8633792256320458
8118,0.7851684285516246
8119,0.08315964240491502
8120,0.22998970054143697
8121,0.10883383133892743
8122,0.2999374713598312
8123,0.4598936526994656
8124,0.7586545061747351
8125,0.9711302650916934
8126,0.933342730394054
8127,0.06181679080810132
8128,0.39892878852894753
8129,0.31825439023126334
8130,0.6728921633802373
8131,0.8849067412249438
8132,0.5677645489711683
8133,0.43599699980087037
8134,0.9345733903120285
8135,0.5352307438686926
8136,0.7263093277150168
8137,0.029140395659242646
8138,0.5733601552996991
8139,0.07152890335159756
8140,0.5944664074616057
8141,0.1553607240876942
8142,0.29232212680485814
8143,0.3055629352018695
8144,0.7968768740913265
8145,0.2901138849957057
8146,0.9569558237171907
8147,0.3779498845740006
8148,0.2530501946846394
8149,0.8645278521542558
8150,0.9528315633908191
8151,0.7612824640814468
8152,0.5733018264081743
8153,0.9652253999547663
8154,0.0499095638014484
8155,0.2614256492542706
8156,0.3406592665557663
8157,0.7938970857341501
8158,0.28518309679881637
8159,0.10455822915833768
8160,0.12985506995840967
8161,0.46316997480868727
8162,0.9705835604474004
8163,0.016775696179567867
8164,0.5266491010223215
8165,0.025281060538205224
8166,0.03997550755290469
8167,0.01460100206853876
8168,0.48791619602951164
8169,0.13230987369710756
8170,0.08619400253680365
8171,0.47640941515894597
8172,0.814336542935982
8173,0.7741871158207061
8174,0.828281245289552
8175,0.45767647207795736
8176,0.03287633393193712
8177,0.4126591258230651
8178,0.7980592193045112
8179,0.27846447196564117
8180,0.9705208197709093
8181,0.2771807827833048
8182,0.9056258988608521
8183,0.5783052857550427
8184,0.1543851848064166
8185,0.9388938043580273
8186,0.565084683397388
8187,0.92715408756573
8188,0.9737789591531147
8189,0.5107597809524278
8190,0.6684533654922294
8191,0.29730375430490585
8192,0.43587263441682444
8193,0.683568110080671
8194,0.07650193257153648
8195,0.866608021697956
8196,0.12936262165357415
8197,0.27712881706796466
8198,0.8697431489091774
8199,0.32791279406876706
8200,0.06378658584275398
8201,0.4994516172402693
8202,0.933795442334637
8203,0.8591535871983873
8204,0.7476738991504311
8205,0.39824588730636623
8206,0.6059099927378293
8207,0.5436025817227084
8208,0.5980997857502713
8209,0.8289465378216305
8210,0.46415759700271864
8211,0.4942695340860296
8212,0.24577831737107603
8213,0.7809255185801629
8214,0.23251528352442363
8215,0.5591488574478727
8216,0.17423789666705647
8217,0.2427940212453119
8218,0.3820446084484739
8219,0.5553663715671004
8220,0.9290629141318836
8221,0.08562143435063874
8222,0.7608146158258694
8223,0.5371187016773017
8224,0.4881374396450193
8225,0.6110342065008914
8226,0.40366952095948894
8227,0.5051818741727689
8228,0.7926535218502638
8229,0.07052186905562874
8230,0.17819190455562794
8231,0.8374854346703203
8232,0.3156271057495079
8233,0.022995151162587657
8234,0.9422016854067573
8235,0.6934965967108274
8236,0.5976151277274556
8237,0.9755615306517408
8238,0.3113388228967192
8239,0.7040324280168236
8240,0.21785284982829878
8241,0.3578686439638038
8242,0.620131057644807
8243,0.02197447299494326
8244,0.04904361287116865
8245,0.9047535823759945
8246,0.6345941918781782
8247,0.878215666224638
8248,0.48202202098095304
8249,0.903713605006859
8250,0.8106284868611024
8251,0.7913887849998539
8252,0.3631155332271443
8253,0.11993054240112577
8254,0.2741233521889843
8255,0.7805210205976296
8256,0.14061881615509908
8257,0.4753141220953502
8258,0.5830625317596833
8259,0.7070423280753312
8260,0.37085673603896296
8261,0.702587671112061
8262,0.9098586668733529
8263,0.12148994147130188
8264,0.022034703681018786
8265,0.8834948660583771
8266,0.17667748957570906
8267,0.973430881064026
8268,0.29343016329818317
8269,0.4528460244574156
8270,0.9397907568068686
8271,0.600684082957649
8272,0.8502409790453779
8273,0.5838430634600218
8274,0.5130969827306463
8275,0.7879912938847593
8276,0.5858280125869394
8277,0.7466999483280954
8278,0.9656662279771154
8279,0.07713205478401364
8280,0.09002476616548527
8281,0.1032533387480824
8282,0.14743372048562153
8283,0.6706600101552275
8284,0.051359074663478
8285,0.5711461691782991
8286,0.5372407476628941
8287,0.7277728807995741
8288,0.3936642868020276
8289,0.4162647682925412
8290,0.7312744607013378
8291,0.9929633814094244
8292,0.975728347909493
8293,0.5738603113761627
8294,0.8992932943537217
8295,0.7000118860074881
8296,0.04143004442503184
8297,0.5297927589150375
8298,0.0947812213413104
8299,0.009927806337187706
8300,0.13741160271876152
8301,0.7885632051841417
8302,0.9206734634899147
8303,0.6912278344938817
8304,0.011157556805387436
8305,0.19069072421786848
8306,0.4715609120002492
8307,0.3640215027222692
8308,0.26134164533488724
8309,0.7612326062696414
8310,0.8854097439275948
8311,0.8515463154791689
8312,0.1753103920148955
8313,0.3816821335082976
8314,0.7359349088053753
8315,0.6769872142980679
8316,0.8097187191891365
8317,0.6786928151205412
8318,0.3316191689211485
8319,0.580136163076944
8320,0.3845690850112484
8321,0.014024295489875938
8322,0.6289602286373639
8323,0.8593361869439328
8324,0.2624744575646445
8325,0.5839747800506815
8326,0.7974492192528625
8327,0.572359301930093
8328,0.6703117172780704
8329,0.025990082621491828
8330,0.4812969986478871
8331,0.6867229257598821
8332,0.7803688992401784
8333,0.27783738933812907
8334,0.829006762304609
8335,0.3273179444427121
8336,0.412922100677932
8337,0.39152497049619617
8338,0.34194346910278206
8339,0.8530106908228929
8340,0.5870921349220846
8341,0.1906898461551506
8342,0.49766262186737154
8343,0.9385055487481323
8344,0.7795515528506031
8345,0.4820353110602882
8346,0.4788133690381454
8347,0.26729423599247726
8348,0.20349176139530722
8349,0.40661589094436446
8350,0.30018691644244155
8351,0.9827247245601104
8352,0.5425627229053848
8353,0.5088475197078385
8354,0.11145643631976732
8355,0.19057397331061543
8356,0.7289695805663416
8357,0.16405530589334372
8358,0.3702414062526749
8359,0.4975466195078625
8360,0.5078958493396797
8361,0.12321846245547163
8362,0.18893796554488096
8363,0.008905368998769148
8364,0.321746790039784
8365,0.4261437562944964
8366,0.0938948677958591
8367,0.5849002393323369
8368,0.577222768971999
8369,0.7144369192365585
8370,0.7732857253215347
8371,0.21057585483075592
8372,0.6373676130725948
8373,0.8904048028283834
8374,0.2670599962850554
8375,0.5455441534005568
8376,0.9116743029188843
8377,0.9712173306459578
8378,0.5605494642661715
8379,0.09916889208859014
8380,0.9001087305621139
8381,0.1151997474809292
8382,0.29779901929825425
8383,0.6266704916795247
8384,0.07634338359053405
8385,0.5394051562466896
8386,0.38820593323239816
8387,0.1867802732077577
8388,0.7841073628881707
8389,0.6902917218977449
8390,0.4488448910065793
8391,0.9229705493463656
8392,0.6362882872912168
8393,0.9008101935614289
8394,0.5939811050429079
8395,0.22828257215485748
8396,0.16456084726316966
8397,0.9035198818145741
8398,0.623135575274111
8399,0.6933456651983856
8400,0.952447452931883
8401,0.04248018881555771
8402,0.26367295039712757
8403,0.12841410252483831
8404,0.24930586639577812
8405,0.833982845295796
8406,0.4841706329182103
8407,0.13172276329036825
8408,0.4063058030407066
8409,0.8596940082368503
8410,0.33922678854619825
8411,0.878187892531201
8412,0.006069854299876498
8413,0.5776607129275957
8414,0.39707698343629494
8415,0.7598581853213143
8416,0.9484846379376092
8417,0.5076212086767706
8418,0.6329568085307484
8419,0.03628515417636824
8420,0.7669805455838786
8421,0.5794742853557641
8422,0.04647326327596446
8423,0.13862807473365435
8424,0.26363552045434013
8425,0.7275666388016411
8426,0.445493582669385
8427,0.7172592388285697
8428,0.45401913312958286
8429,0.22551225832000033
8430,0.04071116389866425
8431,0.4594955679543129
8432,0.459611452897827
8433,0.5894649863695988
8434,0.17056429917838045
8435,0.9447683187682901
8436,0.3945742458321747
8437,0.3331939543634249
8438,0.7173254286269531
8439,0.2577515781969195
8440,0.44245052933801676
8441,0.6010154044054424
8442,0.39410548791436995
8443,0.9866458785994519
8444,0.13401356152705202
8445,0.1840901163864599
8446,0.3622749998756323
8447,0.960854520577488
8448,0.015451145565594238
8449,0.07941869270407764
8450,0.8131163928965719
8451,0.9532869465365676
8452,0.09788815933763073
8453,0.26687621420352303
8454,0.5950956782740346
8455,0.4847954410359101
8456,0.4641578541092044
8457,0.9481413333665306
8458,0.6879205438229861
8459,0.11934348889112067
8460,0.5773239507492522
8461,0.4263353833976411
8462,0.15226497942256356
8463,0.6124064589169865
8464,0.06871181306299312
8465,0.5977448682706236
8466,0.5409583161321749
8467,0.10835079428584382
8468,0.1853391431396697
8469,0.7654586790714824
8470,0.04221386502033675
8471,0.0980400323521563
8472,0.16658055568489416
8473,0.7815949575794308
8474,0.3244410223840488
8475,0.4328703157129875
8476,0.2755956198544759
8477,0.2506796503211861
8478,0.2551242796932588
8479,0.4555376339918168
8480,0.46784082457601417
8481,0.3645256521276198
8482,0.0249637735544066
8483,0.6934206794131803
8484,0.6553946056106595
8485,0.6915719547742747
8486,0.23956692425344162
8487,0.4482949879990077
8488,0.1426124210595906
8489,0.5631034278355108
8490,0.9612648284177858
8491,0.29679553200328834
8492,0.6590962722276228
8493,0.5895556833269303
8494,0.4341953080053307
8495,0.18728059694030919
8496,0.6292133728722844
8497,0.3674542889681339
8498,0.19258919820538112
8499,0.1501877180198895
8500,0.08189608687233407
8501,0.14049666498446267
8502,0.7595914647289199
8503,0.805993497374494
8504,0.4846302903797305
8505,0.6531570037009764
8506,0.009837504528987795
8507,0.005773750784009768
8508,0.1695891664595407
8509,0.6015314065939845
8510,0.1579828372670561
8511,0.5953220000703009
8512,0.012858008268133658
8513,0.9198618660968633
8514,0.09414182917259728
8515,0.42019142349632566
8516,0.19723474162887833
8517,0.5298398853029873
8518,0.8208348229622539
8519,0.6910918234193217
8520,0.5371435160512293
8521,0.7393010667764601
8522,0.541271607372392
8523,0.7847040297416745
8524,0.4419671843471831
8525,0.6120179898908168
8526,0.08932785206748106
8527,0.8094755627081683
8528,0.3478226172080783
8529,0.8238767909775946
8530,0.7295905530955578
8531,0.9894829876691574
8532,0.6897724659839557
8533,0.5064970982558429
8534,0.9384046446327996
8535,0.8953373699254318
8536,0.04884062340762141
8537,0.539798532980904
8538,0.9378657361669863
8539,0.9162697726667368
8540,0.008273346623392297
8541,0.32529275443127814
8542,0.5869131881810071
8543,0.8980663338491439
8544,0.3477808526420926
8545,0.15041748537311073
8546,0.6381853378068674
8547,0.13707836772713855
8548,0.6300700420302238
8549,0.05829944988855795
8550,0.3371664043153133
8551,0.9492328857066135
8552,0.07077185185848045
8553,0.9048583331411434
8554,0.1603214891757262
8555,0.941533322125431
8556,0.4639885996673887
8557,0.23500003343482723
8558,0.015961218263514154
8559,0.6304355658686053
8560,0.269595626626266
8561,0.26322187407915143
8562,0.5967384827824866
8563,0.3295387740851351
8564,0.860258605671241
8565,0.29765461005978333
8566,0.9329682454334624
8567,0.2506668973346815
8568,0.7068089186256933
8569,0.8764543379743873
8570,0.3958520387750398
8571,0.9813138643916866
8572,0.5438550799857798
8573,0.8446357458506958
8574,0.0003506866216782534
8575,0.3137060994567207
8576,0.2981573825473848
8577,0.5874183972158724
8578,0.09024720427209099
8579,0.6873370974877065
8580,0.11359907992022256
8581,0.5248018463978095
8582,0.9755094578322411
8583,0.7468890534330447
8584,0.4709848552165059
8585,0.82114057318619
8586,0.7773486524790044
8587,0.49882219067737366
8588,0.22405667766872595
8589,0.9677259396411519
8590,0.39119750395748076
8591,0.725644808216698
8592,0.4852100078453616
8593,0.21647938281972545
8594,0.03489760353467353
8595,0.10418586781788486
8596,0.5422786863991207
8597,0.9661138400841113
8598,0.4582686082502807
8599,0.4524060538245184
8600,0.6912573352320815
8601,0.4327816668125096
8602,0.5634817806749441
8603,0.26700861107778207
8604,0.5322065071700615
8605,0.5499838747702515
8606,0.6731251633542307
8607,0.5247878792937535
8608,0.9109812139622876
8609,0.98407982385872
8610,0.7459465220007099
8611,0.9813764679822604
8612,0.5679944503086004
8613,0.7820275990063428
8614,0.41576117017173775
8615,0.016229175994883493
8616,0.9262420584314501
8617,0.8692444795406381
8618,0.9587468099139209
8619,0.4686819338245757
8620,0.6686718844310993
8621,0.6424209970982482
8622,0.5330785180381408
8623,0.053312082200529964
8624,0.6735001203323134
8625,0.08907883959975127
8626,0.4074575966706159
8627,0.5659836506187335
8628,0.718876743393002
8629,0.4074666091753444
8630,0.8896243291363359
8631,0.7229008353477323
8632,0.902697632248085
8633,0.7918414758174064
8634,0.8868918283104145
8635,0.4642486059355827
8636,0.5396269168127343
8637,0.005625255674888474
8638,0.3182187215317732
8639,0.38757610965192446
8640,0.3222407702057213
8641,0.8049619022513629
8642,0.43707612506130145
8643,0.9098096276405421
8644,0.40744777991732006
8645,0.7460998811600137
8646,0.5015351112311767
8647,0.3590866137427223
8648,0.9253324421951218
8649,0.9511302154821697
8650,0.9590150166382443
8651,0.8381322896122085
8652,0.6142916694454005
8653,0.1560046275034771
8654,0.25843109115086405
8655,0.1508559168538811
8656,0.9123351986906824
8657,0.7832453876053914
8658,0.5792898912612096
8659,0.9835005888280575
8660,0.10220349654325689
8661,0.1365329763229537
8662,0.6482366086006012
8663,0.40824338805143046
8664,0.3715713434588477
8665,0.8959138192294275
8666,0.5180633858968364
8667,0.45726694930737655
8668,0.6772697537410012
8669,0.8683207933591367
8670,0.7084472513492517
8671,0.3856840502311908
8672,0.33392646332323517
8673,0.2929141047847532
8674,0.5530141455753903
8675,0.08611428746318472
8676,0.1007537312140444
8677,0.7314521708612439
8678,0.04565400193722735
8679,0.06677016000797698
8680,0.8370541616392974
8681,0.36852182682666335
8682,0.9522269537135607
8683,0.49473575611375387
8684,0.7483037988100666
8685,0.7338167055734226
8686,0.10283692461037197
8687,0.7913153270071139
8688,0.2776758338385693
8689,0.4617278007111948
8690,0.5870147717483766
8691,0.6391922283957241
8692,0.09525107360611873
8693,0.9821545525111051
8694,0.21980434778063185
8695,0.004998857585651328
8696,0.9120430957885935
8697,0.3453985043299773
8698,0.3155830271326048
8699,0.615965503672417
8700,0.5337838296268215
8701,0.6547680112239345
8702,0.9389478312863813
8703,0.3061112475875586
8704,0.11428606363090132
8705,0.3361195299430241
8706,0.46691207323629347
8707,0.511964437453047
8708,0.7152680273118253
8709,0.3647760607577446
8710,0.7169241923936494
8711,0.8331056431635272
8712,0.8292311897795694
8713,0.08944619789973329
8714,0.69695249407567
8715,0.0785213955861761
8716,0.7279085868158185
8717,0.27301269154319774
8718,0.602624036478948
8719,0.8355431041482084
8720,0.5537334915409994
8721,0.3784323406960153
8722,0.4200337160227089
8723,0.21956388697026064
8724,0.7536744037416088
8725,0.15073364656076593
8726,0.7551603062082781
8727,0.9151113706885873
8728,0.041823622572693675
8729,0.1047620726601316
8730,0.8041429307542447
8731,0.7773347997119197
8732,0.10546600980224885
8733,0.7152148832157602
8734,0.9501926818173388
8735,0.3845852083985749
8736,0.3326294487464788
8737,0.9093812375135051
8738,0.8286858290798603
8739,0.4074205444984842
8740,0.2909618632289417
8741,0.6057768314421932
8742,0.6629896875365215
8743,0.4197733504557182
8744,0.19110625441707785
8745,0.868112540392856
8746,0.8120246953697168
8747,0.022935207966956916
8748,0.7730962853896279
8749,0.6991988483431013
8750,0.5435156317094245
8751,0.9579613129247687
8752,0.19332226471314407
8753,0.3971646481004316
8754,0.035804186706884344
8755,0.2866897137658473
8756,0.1035713630773214
8757,0.5354841137198457
8758,0.07106833313852745
8759,0.9049254697769654
8760,0.4363725434849135
8761,0.12573638182627855
8762,0.4244323334813498
8763,0.8196084622147224
8764,0.8221452318971384
8765,0.6691095275845215
8766,0.03833774104416732
8767,0.4422224532193828
8768,0.6261936266168318
8769,0.41254445009080076
8770,0.6965506788012905
8771,0.7781966193755799
8772,0.6988504578906589
8773,0.03321647481970702
8774,0.6332037556711139
8775,0.20131342300154698
8776,0.363254047239404
8777,0.6947879608904317
8778,0.055445192592515014
8779,0.366871433550781
8780,0.7209575131699615
8781,0.95695879651071
8782,0.00022396975421434817
8783,0.8298538350228458
8784,0.9891514489366913
8785,0.5452876873954524
8786,0.19585102239789753
8787,0.5206613867694545
8788,0.7608048849143664
8789,0.013504433802898008
8790,0.2487415525469333
8791,0.1327758201735445
8792,0.42062028524377937
8793,0.5664165347455284
8794,0.9111618226284661
8795,0.33081601167479235
8796,0.2920705895401522
8797,0.31768429808054466
8798,0.48986437246314385
8799,0.2294245439296171
8800,0.5267832431584065
8801,0.6153751840415311
8802,0.7739978480598735
8803,0.70059147396707
8804,0.2254442320979071
8805,0.01270548607934141
8806,0.7652811191816514
8807,0.6665308553055923
8808,0.3159830810042311
8809,0.54572273769321
8810,0.7109067431357087
8811,0.988806846964159
8812,0.3378294064447023
8813,0.6729428928098675
8814,0.5458175002977502
8815,0.6162450870606792
8816,0.3481140414585975
8817,0.3789364268565343
8818,0.860028231413215
8819,0.32022505928235256
8820,0.1659777327810179
8821,0.14202137135770176
8822,0.9820100084951983
8823,0.06000496243378517
8824,0.42705253681434874
8825,0.19144891254303753
8826,0.23734554854840773
8827,0.821927032985407
8828,0.7987432435117406
8829,0.10728507974253654
8830,0.9694235491515977
8831,0.15252340239961915
8832,0.29073646388436214
8833,0.6579016088061089
8834,0.4847503551724758
8835,0.4986744063593527
8836,0.7727130359980493
8837,0.7630813926735139
8838,0.9390439833237921
8839,0.9765657510778466
8840,0.05145861143724639
8841,0.16308548647500298
8842,0.3626035749596127
8843,0.6607811043509805
8844,0.48705640291326535
8845,0.8337557682532378
8846,0.5567635076343508
8847,0.14515469748354048
8848,0.609585604694434
8849,0.5223601664435965
8850,0.15515473695823356
8851,0.22808675841013648
8852,0.14959550991265747
8853,0.5559148698730091
8854,0.6689342693193242
8855,0.992884785386159
8856,0.964120064202345
8857,0.17414267204424894
8858,0.5396181010491842
8859,0.7330039068790175
8860,0.19283491291389776
8861,0.023995565211275327
8862,0.1772154282492281
8863,0.5970517341905606
8864,0.4332833321637166
8865,0.6817492150034917
8866,0.23937892681749373
8867,0.7309942177380226
8868,0.30030708282271545
8869,0.44826616614468673
8870,0.21957449218669034
8871,0.9963710816992786
8872,0.3578714360411904
8873,0.2038189219652794
8874,0.878737000068881
8875,0.9062843656156524
8876,0.8890678815923331
8877,0.99748563603719
8878,0.6103213348271752
8879,0.17267983933741016
8880,0.4423172324808945
8881,0.06254183281586523
8882,0.9625123549857209
8883,0.5165529184426956
8884,0.6750517016259706
8885,0.27955157781038986
8886,0.12841690280088647
8887,0.671896244008418
8888,0.22242933498909634
8889,0.4222075442490595
8890,0.6455181443582876
8891,0.3219036512753799
8892,0.5166199164616555
8893,0.11669753328497201
8894,0.5104197618602608
8895,0.9756585243345218
8896,0.35424114071629953
8897,0.6425721011634428
8898,0.4521451839383712
8899,0.5189424105476469
8900,0.6956787030961058
8901,0.5327291355912148
8902,0.07232624971467372
8903,0.1380892765552163
8904,0.4196453152813756
8905,0.5810825464782668
8906,0.5249395068733013
8907,0.5850606530733956
8908,0.836172378856468
8909,0.2922694227129916
8910,0.8838069902751324
8911,0.4033002072797691
8912,0.1401269551462142
8913,0.41174257327146147
8914,0.3081993153985496
8915,0.7094900648561941
8916,0.19605895530121598
8917,0.17197413725772237
8918,0.9045932164356786
8919,0.7823864024047117
8920,0.45680634763893024
8921,0.6606916286494084
8922,0.5060622162697871
8923,0.3032608600103246
8924,0.36918263543084806
8925,0.8427565624693479
8926,0.7239636482163858
8927,0.4122117921264902
8928,0.48417323140916724
8929,0.7869528215932666
8930,0.3349986203298255
8931,0.9264251399914886
8932,0.5598199550586714
8933,0.12228470516653533
8934,0.0023540394003291887
8935,0.06503183368817789
8936,0.1238023296539098
8937,0.21661627849164877
8938,0.5553502238193112
8939,0.5026187396174926
8940,0.7842203932010182
8941,0.48276775681674444
8942,0.3630261862308888
8943,0.30247932237606245
8944,0.5724068783359281
8945,0.6219465377982444
8946,0.7405160278141755
8947,0.9543617976162735
8948,0.20968957752374584
8949,0.6198517054825814
8950,0.6155112784024083
8951,0.3766794181101847
8952,0.250467727350818
8953,0.30313128393140276
8954,0.9226981364747973
8955,0.3454773982432625
8956,0.8108449893020864
8957,0.7618814650518199
8958,0.7282512783430278
8959,0.8507634939115701
8960,0.35687439468632953
8961,0.9160222896051298
8962,0.5662681092257901
8963,0.8205510979345735
8964,0.5491862318266179
8965,0.9985385150737031
8966,0.6766578965522277
8967,0.17801060981993755
8968,0.9057249397472343
8969,0.5514034434913395
8970,0.6722295592144952
8971,0.8731836012335921
8972,0.5160735408069705
8973,0.021941821716021104
8974,0.361234709990939
8975,0.29388864355437605
8976,0.41760074397960467
8977,0.1241135298340923
8978,0.4628908434903035
8979,0.06364395088584263
8980,0.8148551631099402
8981,0.7432489049315468
8982,0.1929007523371432
8983,0.7142487404012672
8984,0.16532915007284432
8985,0.8759799129160856
8986,0.010260557418308558
8987,0.09663727348923712
8988,0.5196970437354963
8989,0.4535993114556396
8990,0.9417621216047813
8991,0.7384943801582445
8992,0.6945546265914452
8993,0.5576008756383154
8994,0.3893507760298528
8995,0.08427795604576915
8996,0.9205937714865778
8997,0.03224272428341546
8998,0.4118030813134892
8999,0.6734020599398189
9000,0.01817621968932981
9001,0.38550570115325666
9002,0.37501292626642846
9003,0.4612177249524647
9004,0.7146590470287181
9005,0.14655108613035495
9006,0.3892536117402642
9007,0.669883205152105
9008,0.18611838923223523
9009,0.30733787610114527
9010,0.3911908780876322
9011,0.8122560071016283
9012,0.6690761014416807
9013,0.008778021850192608
9014,0.32470100783666767
9015,0.20337359571565472
9016,0.6265639431801258
9017,0.9074311966412207
9018,0.6529159749946613
9019,0.06507397619121902
9020,0.2738613655809762
9021,0.9623911655138608
9022,0.5640975618482432
9023,0.5108974655109448
9024,0.24484169062802497
9025,0.45396187322874415
9026,0.5342111797742013
9027,0.484336889116859
9028,0.46947070389346157
9029,0.9574524292808703
9030,0.34033808576003044
9031,0.42884607818003584
9032,0.5482246312180469
9033,0.8079505153751807
9034,0.9779191242869633
9035,0.26681057996174706
9036,0.11571076578537065
9037,0.9039733348185396
9038,0.6347410234095598
9039,0.04870707938182017
9040,0.25432234326594394
9041,0.01951324599699722
9042,0.8584529860987858
9043,0.34949396884602035
9044,0.18750240475906832
9045,0.637529385907124
9046,0.20628890220692198
9047,0.9262173824617289
9048,0.9135327275451753
9049,0.8750364252664196
9050,0.9056292543812826
9051,0.7413455764888417
9052,0.43136614759450076
9053,0.5938841964142473
9054,0.27241523684102587
9055,0.14927075142388668
9056,0.5561289419857589
9057,0.4325387586217305
9058,0.12266962961849459
9059,0.26437027340868113
9060,0.7969884580646206
9061,0.18515749345199273
9062,0.5774928787136607
9063,0.8281799532214406
9064,0.8073017643339773
9065,0.840246893406439
9066,0.40348358076034263
9067,0.8089899819671343
9068,0.4456227111169826
9069,0.7085978801393839
9070,0.8247734750966242
9071,0.4182015992212035
9072,0.5319736644107333
9073,0.9214288410884979
9074,0.34110836480572493
9075,0.9638230785543594
9076,0.4889515932659999
9077,0.6561067810958778
9078,0.3554193219106453
9079,0.06779034725023092
9080,0.4379405641209235
9081,0.9282874344600667
9082,0.018338982961789374
9083,0.2537209189878883
9084,0.814409716353692
9085,0.8175783585833873
9086,0.8352145109477597
9087,0.41458003950389843
9088,0.275572633036956
9089,0.12521712534700902
9090,0.48673210638325504
9091,0.25655299748312943
9092,0.18228738242453413
9093,0.19019713869211308
9094,0.8397735535664811
9095,0.38878106770544574
9096,0.40535966562512604
9097,0.765634053637282
9098,0.00422521673620313
9099,0.04814770135330548
9100,0.8500440739262055
9101,0.38518080305683544
9102,0.34744620080855804
9103,0.16293061240289686
9104,0.6174974994681535
9105,0.00510617813317138
9106,0.7214208364606634
9107,0.9782740894582581
9108,0.21519269191309387
9109,0.015419201623967593
9110,0.9380884402277535
9111,0.5810080569248365
9112,0.6704211235904536
9113,0.25311918039150316
9114,0.2084874498687822
9115,0.8491579791672804
9116,0.7421174094223343
9117,0.4888958997255022
9118,0.6084676685086897
9119,0.26065592453549336
9120,0.7849357638342006
9121,0.5227687088723014
9122,0.8336093353790333
9123,0.7912057700561254
9124,0.5970420691365171
9125,0.44524200406350234
9126,0.8688469654071174
9127,0.5025990603118882
9128,0.8960070937799123
9129,0.6161723796349345
9130,0.8855618400155716
9131,0.2720435692426387
9132,0.7381317963197078
9133,0.6734284723357344
9134,0.3858337325816399
9135,0.1078285247556644
9136,0.9883234204927326
9137,0.8114866944403745
9138,0.5354264812152305
9139,0.7323691190395092
9140,0.17012579632260283
9141,0.24140823401566758
9142,0.8422033211995922
9143,0.28526592967814823
9144,0.8219779691827795
9145,0.7199560778680029
9146,0.9521326032189779
9147,0.4187148707623476
9148,0.685719537479064
9149,0.06887321923907941
9150,0.21076796127443953
9151,0.28188277168224607
9152,0.4426675123136049
9153,0.15554094262281348
9154,0.9741131466442133
9155,0.7024122011557771
9156,0.7759253320826287
9157,0.87082079045276
9158,0.2831218894481635
9159,0.022965042601335806
9160,0.86925847437898
9161,0.20362373175918225
9162,0.7631636316297747
9163,0.7849293764559157
9164,0.5785914599464103
9165,0.07955540653934723
9166,0.8226733560630441
9167,0.14287248271182962
9168,0.1118214462278222
9169,0.7280182959477609
9170,0.6869478191797769
9171,0.8598993119668785
9172,0.5505682801194668
9173,0.45224969430722606
9174,0.12183903607160629
9175,0.7849898893833752
9176,0.8669810981972242
9177,0.5305645815973756
9178,0.6192740742581966
9179,0.5016697903162802
9180,0.4845083672032692
9181,0.03393580015500375
9182,0.007322666538571165
9183,0.45368530270537055
9184,0.6165208000757765
9185,0.30638854162511797
9186,0.9225396898340388
9187,0.9395155074217031
9188,0.7131978300699002
9189,0.6916225718258954
9190,0.5206880755919875
9191,0.7126577112351593
9192,0.7958028869994125
9193,0.8088200865658624
9194,0.8332888304270932
9195,0.8318267885063872
9196,0.02624879751916931
9197,0.0961706542057168
9198,0.31715801561368295
9199,0.23164375357899114
9200,0.8797995750527539
9201,0.8305826318714576
9202,0.3172511478139334
9203,0.6827148332378191
9204,0.19383455543146277
9205,0.7379277909894792
9206,0.09359560204928352
9207,0.3132039332323727
9208,0.8241008384192555
9209,0.35006245766342614
9210,0.5626823527589322
9211,0.4201528980023862
9212,0.7974788998243034
9213,0.5686183089233116
9214,0.5112173307797188
9215,0.6724190434780601
9216,0.8461405216289725
9217,0.899716779782385
9218,0.4937004474233321
9219,0.739722677330887
9220,0.15735795000928254
9221,0.793186306194642
9222,0.7106590079873077
9223,0.2499912788672598
9224,0.618066712064314
9225,0.38992918792551123
9226,0.4714106733605753
9227,0.16393671226516005
9228,0.5091939127801687
9229,0.5204587662569651
9230,0.4843756842153648
9231,0.47594569893571015
9232,0.6405487148212008
9233,0.0528687592369973
9234,0.9641715741250921
9235,0.7514126691708695
9236,0.08773892253331783
9237,0.8240005780219805
9238,0.5614465489139756
9239,0.21582349684268942
9240,0.07499561581016922
9241,0.6826002741108649
9242,0.754471261719462
9243,0.9563318220434095
9244,0.17709275689570503
9245,0.5856917059469178
9246,0.4876143063984746
9247,0.5472491279670377
9248,0.5455883658248687
9249,0.34924703509251065
9250,0.5951216548299986
9251,0.4164343763678797
9252,0.360652418424368
9253,0.660911761509202
9254,0.8625291238794137
9255,0.7929581483492184
9256,0.07760600723918565
9257,0.020761874639651623
9258,0.674583852246076
9259,0.46999677900615067
9260,0.9349964532482006
9261,0.18543849872813978
9262,0.17244231739128502
9263,0.38054091858386496
9264,0.13779519591906264
9265,0.04231727164806587
9266,0.024304335539340527
9267,0.026574536428416673
9268,0.8912880511456124
9269,0.04208063533239259
9270,0.3661632952090569
9271,0.5927459116233433
9272,0.9072065133292978
9273,0.7025205560442025
9274,0.8719209445960288
9275,0.8238305409212613
9276,0.17643261868336746
9277,0.1689455550113068
9278,0.0015476895521164824
9279,0.40548966161658173
9280,0.6030340194067362
9281,0.4821665922222904
9282,0.6073189078639334
9283,0.2463844676314363
9284,0.9538854098554993
9285,0.20999052698656284
9286,0.10413237432554268
9287,0.162622083376888
9288,0.7548973362449838
9289,0.43895817285013916
9290,0.9859249476725952
9291,0.1289805625063729
9292,0.32415937149422724
9293,0.4278995518726376
9294,0.6410330298167203
9295,0.7614845859493984
9296,0.750632027748976
9297,0.9373027577822645
9298,0.9051722662737547
9299,0.3251785957439902
9300,0.31419949490254806
9301,0.45199606729129926
9302,0.3162997375916192
9303,0.09735404519915059
9304,0.2762220527699353
9305,0.3613786791857201
9306,0.3288568702285568
9307,0.7695625619166488
9308,0.10396228629902293
9309,0.732606691603266
9310,0.7742850094090958
9311,0.2502727755165155
9312,0.19671280169932304
9313,0.30231551536086176
9314,0.49950987957220905
9315,0.06749277655971186
9316,0.31115259900494796
9317,0.6931153338886737
9318,0.9411528160534133
9319,0.7910065377300127
9320,0.6472196266070345
9321,0.7822868005339615
9322,0.18245050814118924
9323,0.3858549188272119
9324,0.9641558616496615
9325,0.061302884550906045
9326,0.9778264755047452
9327,0.45999038779111967
9328,0.6154132483072164
9329,0.06921894618619795
9330,0.8733692736109768
9331,0.6143366074379738
9332,0.6731092932755355
9333,0.6383022525591321
9334,0.9759092790992832
9335,0.5892980230591544
9336,0.5328227189565493
9337,0.4574875555850396
9338,0.2818936220296878
9339,0.2449151173857843
9340,0.9444967009504396
9341,0.0009613538809030153
9342,0.44268074406688207
9343,0.15763941393164937
9344,0.3666822122375182
9345,0.14942759297565533
9346,0.649928061180808
9347,0.7135689877876791
9348,0.9440672883882969
9349,0.6796149369254556
9350,0.312471505236122
9351,0.5744108657236883
9352,0.42188730141021824
